TIME;PLC_TIME(Timedate48);PLC_TIME_CV(Enum2);FDS_LIFEWORD(Unsigned8);GWE_MVB_ETH_CAR10ST(Enum2);GWE_MVB_ETH_CAR11ST(Enum2);GWE_MVB_ETH_CAR12ST(Enum2);GWE_MVB_ETH_CAR13ST(Enum2);GWE_MVB_ETH_CAR14ST(Enum2);GWE_MVB_ETH_CAR15ST(Enum2);GWE_MVB_ETH_CAR2ST(Enum2);GWE_MVB_ETH_CAR3ST(Enum2);GWE_MVB_ETH_CAR4ST(Enum2);GWE_MVB_ETH_CAR5ST(Enum2);GWE_MVB_ETH_CAR6ST(Enum2);GWE_MVB_ETH_CAR7ST(Enum2);GWE_MVB_ETH_CAR8ST(Enum2);GWE_MVB_ETH_CAR9ST(Enum2);GWE_MVB_ETH_CARST(Enum2);HMI_SeatedST(Enum2);HMI_SCREEN(Unsigned8);HMI_CONFIRM_CMD(Boolean1);HMI_RECALCULATE_CMD(Boolean1);FDS_CAR1_LIFEWORD(Unsigned8);FDS_CAR2_LIFEWORD(Unsigned8);FDS_CAR3_LIFEWORD(Unsigned8);FDS_CAR4_LIFEWORD(Unsigned8);FDS_CAR5_LIFEWORD(Unsigned8);FDS_CAR6_LIFEWORD(Unsigned8);FDS_CAR7_LIFEWORD(Unsigned8);FDS_CAR8_LIFEWORD(Unsigned8);FDS_CAR9_LIFEWORD(Unsigned8);FDS_CAR10_LIFEWORD(Unsigned8);FDS_CAR11_LIFEWORD(Unsigned8);FDS_CAR12_LIFEWORD(Unsigned8);FDS_CAR13_LIFEWORD(Unsigned8);FDS_CAR14_LIFEWORD(Unsigned8);FDS_CAR15_LIFEWORD(Unsigned8);PLC_A_HEARBEAT(Bitset16);PLC_HMI_COMFAULT_CARS(Bitset16);PLC_HMI_CONF(Bitset16);PLC_LifeB(Unsigned8);PLC_LeadingDir(Unsigned8);PLC_LeadingReq(Unsigned8);PLC_MASTER_COACH(Unsigned16);PLC_EVR_BS1(Bitset8);ASDO_StsW(Bitset16);ASDO_NumCoaches(Unsigned8);DO1A_LifeB(Unsigned8);DO1B_LifeB(Unsigned8);DO2A_LifeB(Unsigned8);DO2B_LifeB(Unsigned8)
0,000;1631112639,000;1;247;3;3;3;3;3;3;3;3;3;3;3;3;3;3;3;2;2;0;0;0;0;0;0;0;0;0;0;0;0;0;0;0;0;0;b286;0;0;28;1;2;15005;8c;c000;0;50;51;51;53
0,512;1631112639,000;1;249;3;3;3;3;3;3;3;3;3;3;3;3;3;3;3;2;2;0;0;0;0;0;0;0;0;0;0;0;0;0;0;0;0;0;ba86;0;0;28;1;2;15005;8c;c000;0;54;56;55;58
1,024;1631112640,000;1;249;3;3;3;3;3;3;3;3;3;3;3;3;3;3;3;2;2;0;0;0;0;0;0;0;0;0;0;0;0;0;0;0;0;0;c286;0;0;29;1;2;15005;8c;c000;0;59;61;60;63
1,536;1631112640,000;1;251;3;3;3;3;3;3;3;3;3;3;3;3;3;3;3;2;2;0;0;0;0;0;0;0;0;0;0;0;0;0;0;0;0;0;ca86;0;0;29;1;2;15005;8c;c000;0;64;65;64;67
2,048;1631112641,000;1;251;3;3;3;3;3;3;3;3;3;3;3;3;3;3;3;2;2;0;0;0;0;0;0;0;0;0;0;0;0;0;0;0;0;0;d286;0;0;30;1;2;15005;8c;c000;0;68;70;69;72
2,560;1631112641,000;1;253;3;3;3;3;3;3;3;3;3;3;3;3;3;3;3;2;2;0;0;0;0;0;0;0;0;0;0;0;0;0;0;0;0;0;da86;0;0;30;1;2;15005;8c;c000;0;73;75;74;77
3,072;1631112642,000;1;253;3;3;3;3;3;3;3;3;3;3;3;3;3;3;3;2;2;0;0;0;0;0;0;0;0;0;0;0;0;0;0;0;0;0;e286;0;0;31;1;2;15005;8c;c000;0;78;79;78;81
3,584;1631112642,000;1;1;3;3;3;3;3;3;3;3;3;3;3;3;3;3;3;2;2;0;0;0;0;0;0;0;0;0;0;0;0;0;0;0;0;0;ea86;0;0;31;1;2;15005;8c;c000;0;82;84;83;86
4,096;1631112643,000;1;1;3;3;3;3;3;3;3;3;3;3;3;3;3;3;3;2;2;0;0;0;0;0;0;0;0;0;0;0;0;0;0;0;0;0;f286;0;0;32;1;2;15005;8c;c000;0;87;89;88;90
4,608;1631112643,000;1;3;3;3;3;3;3;3;3;3;3;3;3;3;3;3;3;2;2;0;0;0;0;0;0;0;0;0;0;0;0;0;0;0;0;0;fa84;0;0;32;1;2;15005;8c;c000;0;92;93;92;95
5,120;1631112644,000;1;3;3;3;3;3;3;3;3;3;3;3;3;3;3;3;3;2;2;0;0;0;0;0;0;0;0;0;0;0;0;0;0;0;0;0;284;0;0;33;1;2;15005;8c;c000;0;96;98;97;100
5,632;1631112645,000;1;5;3;3;3;3;3;3;3;3;3;3;3;3;3;3;3;2;2;0;0;0;0;0;0;0;0;0;0;0;0;0;0;0;0;0;a84;0;0;33;1;2;15005;8c;c000;0;101;103;102;104
6,144;1631112645,000;1;5;3;3;3;3;3;3;3;3;3;3;3;3;3;3;3;2;2;0;0;0;0;0;0;0;0;0;0;0;0;0;0;0;0;0;1284;0;0;34;1;2;15005;8c;c000;0;106;107;106;109
6,656;1631112646,000;1;7;3;3;3;3;3;3;3;3;3;3;3;3;3;3;3;2;2;0;0;0;0;0;0;0;0;0;0;0;0;0;0;0;0;0;1a84;0;0;34;1;2;15005;8c;c000;0;110;112;111;114
7,168;1631112646,000;1;7;3;3;3;3;3;3;3;3;3;3;3;3;3;3;3;2;2;0;0;0;0;0;0;0;0;0;0;0;0;0;0;0;0;0;2284;0;0;35;1;2;15005;8c;c000;0;115;117;116;118
7,680;1631112647,000;1;9;3;3;3;3;3;3;3;3;3;3;3;3;3;3;3;2;2;0;0;0;0;0;0;0;0;0;0;0;0;0;0;0;0;0;2a84;0;0;35;1;2;15005;8c;c000;0;120;121;120;123
8,192;1631112647,000;1;9;3;3;3;3;3;3;3;3;3;3;3;3;3;3;3;2;2;0;0;0;0;0;0;0;0;0;0;0;0;0;0;0;0;0;3284;0;0;36;1;2;15005;8c;c000;0;124;126;125;128
8,704;1631112648,000;1;11;3;3;3;3;3;3;3;3;3;3;3;3;3;3;3;2;2;0;0;0;0;0;0;0;0;0;0;0;0;0;0;0;0;0;3a84;0;0;36;1;2;15005;8c;c000;0;129;131;130;132
9,216;1631112648,000;1;11;3;3;3;3;3;3;3;3;3;3;3;3;3;3;3;2;2;0;0;0;0;0;0;0;0;0;0;0;0;0;0;0;0;0;4284;0;0;37;1;2;15005;8c;c000;0;133;135;134;137
9,728;1631112649,000;1;13;3;3;3;3;3;3;3;3;3;3;3;3;3;3;3;2;2;0;0;0;0;0;0;0;0;0;0;0;0;0;0;0;0;0;4a84;0;0;37;1;2;15005;8c;c000;0;138;140;139;142
10,240;1631112649,000;1;13;3;3;3;3;3;3;3;3;3;3;3;3;3;3;3;2;2;0;0;0;0;0;0;0;0;0;0;0;0;0;0;0;0;0;5284;0;0;38;1;2;15005;8c;c000;0;143;145;144;146
10,752;1631112650,000;1;15;3;3;3;3;3;3;3;3;3;3;3;3;3;3;3;2;2;0;0;0;0;0;0;0;0;0;0;0;0;0;0;0;0;0;5a84;0;0;38;1;2;15005;8c;c000;0;147;149;148;151
11,264;1631112650,000;1;15;3;3;3;3;3;3;3;3;3;3;3;3;3;3;3;2;2;0;0;0;0;0;0;0;0;0;0;0;0;0;0;0;0;0;6284;0;0;39;1;2;15005;8c;c000;0;152;154;153;156
11,776;1631112651,000;1;17;3;3;3;3;3;3;3;3;3;3;3;3;3;3;3;2;2;0;0;0;0;0;0;0;0;0;0;0;0;0;0;0;0;0;6a84;0;0;39;1;2;15005;8c;c000;0;157;158;158;160
12,288;1631112651,000;1;17;3;3;3;3;3;3;3;3;3;3;3;3;3;3;3;2;2;0;0;0;0;0;0;0;0;0;0;0;0;0;0;0;0;0;7284;0;0;40;1;2;15005;8c;c000;0;161;163;162;165
12,800;1631112652,000;1;19;3;3;3;3;3;3;3;3;3;3;3;3;3;3;3;2;2;0;0;0;0;0;0;0;0;0;0;0;0;0;0;0;0;0;7a84;0;0;40;1;2;15005;8c;c000;0;166;168;167;170
13,312;1631112652,000;1;19;3;3;3;3;3;3;3;3;3;3;3;3;3;3;3;2;2;0;0;0;0;0;0;0;0;0;0;0;0;0;0;0;0;0;8284;0;0;41;1;2;15005;8c;c000;0;171;172;172;174
13,824;1631112653,000;1;21;3;3;3;3;3;3;3;3;3;3;3;3;3;3;3;2;2;0;0;0;0;0;0;0;0;0;0;0;0;0;0;0;0;0;8a84;0;0;41;1;2;15005;8c;c000;0;175;177;176;179
14,336;1631112653,000;1;21;3;3;3;3;3;3;3;3;3;3;3;3;3;3;3;2;2;0;0;0;0;0;0;0;0;0;0;0;0;0;0;0;0;0;9284;0;0;42;1;2;15005;8c;c000;0;180;182;181;184
14,848;1631112654,000;1;23;3;3;3;3;3;3;3;3;3;3;3;3;3;3;3;2;2;0;0;0;0;0;0;0;0;0;0;0;0;0;0;0;0;0;9a84;0;0;42;1;2;15005;8c;c000;0;185;186;185;188
15,360;1631112654,000;1;23;3;3;3;3;3;3;3;3;3;3;3;3;3;3;3;2;2;0;0;0;0;0;0;0;0;0;0;0;0;0;0;0;0;0;a284;0;0;43;1;2;15005;8c;c000;0;189;191;190;193
15,872;1631112655,000;1;25;3;3;3;3;3;3;3;3;3;3;3;3;3;3;3;2;2;0;0;0;0;0;0;0;0;0;0;0;0;0;0;0;0;0;aa84;0;0;43;1;2;15005;8c;c000;0;194;196;195;198
16,384;1631112655,000;1;25;3;3;3;3;3;3;3;3;3;3;3;3;3;3;3;2;2;0;0;0;0;0;0;0;0;0;0;0;0;0;0;0;0;0;b284;0;0;44;1;2;15005;8c;c000;0;199;200;199;202
16,896;1631112656,000;1;27;3;3;3;3;3;3;3;3;3;3;3;3;3;3;3;2;2;0;0;0;0;0;0;0;0;0;0;0;0;0;0;0;0;0;ba84;0;0;44;1;2;15005;8c;c000;0;203;205;204;207
17,408;1631112656,000;1;27;3;3;3;3;3;3;3;3;3;3;3;3;3;3;3;2;2;0;0;0;0;0;0;0;0;0;0;0;0;0;0;0;0;0;c284;0;0;45;1;2;15005;8c;c000;0;208;210;209;212
17,920;1631112657,000;1;29;3;3;3;3;3;3;3;3;3;3;3;3;3;3;3;2;2;0;0;0;0;0;0;0;0;0;0;0;0;0;0;0;0;0;ca84;0;0;45;1;2;15005;8c;c000;0;213;214;213;216
18,432;1631112657,000;1;29;3;3;3;3;3;3;3;3;3;3;3;3;3;3;3;2;2;0;0;0;0;0;0;0;0;0;0;0;0;0;0;0;0;0;d284;0;0;46;1;2;15005;8c;c000;0;217;219;218;221
18,944;1631112658,000;1;31;3;3;3;3;3;3;3;3;3;3;3;3;3;3;3;2;2;0;0;0;0;0;0;0;0;0;0;0;0;0;0;0;0;0;da84;0;0;46;1;2;15005;8c;c000;0;222;224;223;225
19,456;1631112658,000;1;31;3;3;3;3;3;3;3;3;3;3;3;3;3;3;3;2;2;0;0;0;0;0;0;0;0;0;0;0;0;0;0;0;0;0;e284;0;0;47;1;2;15005;8c;c000;0;227;228;227;230
19,968;1631112659,000;1;33;3;3;3;3;3;3;3;3;3;3;3;3;3;3;3;2;2;0;0;0;0;0;0;0;0;0;0;0;0;0;0;0;0;0;ea84;0;0;47;1;2;15005;8c;c000;0;231;233;232;235
20,480;1631112659,000;1;33;3;3;3;3;3;3;3;3;3;3;3;3;3;3;3;2;2;0;0;0;0;0;0;0;0;0;0;0;0;0;0;0;0;0;f284;0;0;48;1;2;15005;8c;c000;0;236;238;237;239
20,992;1631112660,000;1;36;3;3;3;3;3;3;3;3;3;3;3;3;3;3;3;2;2;0;0;0;0;0;0;0;0;0;0;0;0;0;0;0;0;0;fa86;0;0;48;1;2;15005;8c;c000;0;241;242;241;244
21,504;1631112660,000;1;36;3;3;3;3;3;3;3;3;3;3;3;3;3;3;3;2;2;0;0;0;0;0;0;0;0;0;0;0;0;0;0;0;0;0;286;0;0;49;1;2;15005;8c;c000;0;245;247;246;249
22,016;1631112661,000;1;38;3;3;3;3;3;3;3;3;3;3;3;3;3;3;3;2;2;0;0;0;0;0;0;0;0;0;0;0;0;0;0;0;0;0;a86;0;0;49;1;2;15005;8c;c000;0;250;252;251;253
22,528;1631112661,000;1;38;3;3;3;3;3;3;3;3;3;3;3;3;3;3;3;2;2;0;0;0;0;0;0;0;0;0;0;0;0;0;0;0;0;0;1286;0;0;50;1;2;15005;8c;c000;0;255;0;255;2
23,040;1631112662,000;1;40;3;3;3;3;3;3;3;3;3;3;3;3;3;3;3;2;2;0;0;0;0;0;0;0;0;0;0;0;0;0;0;0;0;0;1a86;0;0;50;1;2;15005;8c;c000;0;3;5;4;7
23,552;1631112662,000;1;40;3;3;3;3;3;3;3;3;3;3;3;3;3;3;3;2;2;0;0;0;0;0;0;0;0;0;0;0;0;0;0;0;0;0;2286;0;0;51;1;2;15005;8c;c000;0;8;10;9;11
24,064;1631112663,000;1;42;3;3;3;3;3;3;3;3;3;3;3;3;3;3;3;2;2;0;0;0;0;0;0;0;0;0;0;0;0;0;0;0;0;0;2a86;0;0;51;1;2;15005;8c;c000;0;12;14;13;16
24,576;1631112663,000;1;42;3;3;3;3;3;3;3;3;3;3;3;3;3;3;3;2;2;0;0;0;0;0;0;0;0;0;0;0;0;0;0;0;0;0;3286;0;0;52;1;2;15005;8c;c000;0;17;19;18;21
25,088;1631112664,000;1;44;3;3;3;3;3;3;3;3;3;3;3;3;3;3;3;2;2;0;0;0;0;0;0;0;0;0;0;0;0;0;0;0;0;0;3a86;0;0;52;1;2;15005;8c;c000;0;22;23;23;25
25,600;1631112664,000;1;44;3;3;3;3;3;3;3;3;3;3;3;3;3;3;3;2;2;0;0;0;0;0;0;0;0;0;0;0;0;0;0;0;0;0;4286;0;0;53;1;2;15005;8c;c000;0;26;28;27;30
26,112;1631112665,000;1;46;3;3;3;3;3;3;3;3;3;3;3;3;3;3;3;2;2;0;0;0;0;0;0;0;0;0;0;0;0;0;0;0;0;0;4a86;0;0;53;1;2;15005;8c;c000;0;31;33;32;35
26,624;1631112665,000;1;46;3;3;3;3;3;3;3;3;3;3;3;3;3;3;3;2;2;0;0;0;0;0;0;0;0;0;0;0;0;0;0;0;0;0;5286;0;0;54;1;2;15005;8c;c000;0;36;37;37;39
27,136;1631112666,000;1;48;3;3;3;3;3;3;3;3;3;3;3;3;3;3;3;2;2;0;0;0;0;0;0;0;0;0;0;0;0;0;0;0;0;0;5a86;0;0;54;1;2;15005;8c;c000;0;40;42;41;44
27,648;1631112667,000;1;48;3;3;3;3;3;3;3;3;3;3;3;3;3;3;3;2;2;0;0;0;0;0;0;0;0;0;0;0;0;0;0;0;0;0;6286;0;0;55;1;2;15005;8c;c000;0;45;47;46;49
28,160;1631112667,000;1;50;3;3;3;3;3;3;3;3;3;3;3;3;3;3;3;2;2;0;0;0;0;0;0;0;0;0;0;0;0;0;0;0;0;0;6a86;0;0;55;1;2;15005;8c;c000;0;50;51;51;53
28,672;1631112668,000;1;50;3;3;3;3;3;3;3;3;3;3;3;3;3;3;3;2;2;0;0;0;0;0;0;0;0;0;0;0;0;0;0;0;0;0;7286;0;0;56;1;2;15005;8c;c000;0;54;56;55;58
29,184;1631112668,000;1;52;3;3;3;3;3;3;3;3;3;3;3;3;3;3;3;2;2;0;0;0;0;0;0;0;0;0;0;0;0;0;0;0;0;0;7a86;0;0;56;1;2;15005;8c;c000;0;59;61;60;63
29,696;1631112669,000;1;52;3;3;3;3;3;3;3;3;3;3;3;3;3;3;3;2;2;0;0;0;0;0;0;0;0;0;0;0;0;0;0;0;0;0;8286;0;0;57;1;2;15005;8c;c000;0;64;65;64;67
30,208;1631112669,000;1;54;3;3;3;3;3;3;3;3;3;3;3;3;3;3;3;2;2;0;0;0;0;0;0;0;0;0;0;0;0;0;0;0;0;0;8a86;0;0;57;1;2;15005;8c;c000;0;68;70;69;72
30,720;1631112670,000;1;54;3;3;3;3;3;3;3;3;3;3;3;3;3;3;3;2;2;0;0;0;0;0;0;0;0;0;0;0;0;0;0;0;0;0;9286;0;0;58;1;2;15005;8c;c000;0;73;75;74;77
31,232;1631112670,000;1;56;3;3;3;3;3;3;3;3;3;3;3;3;3;3;3;2;2;0;0;0;0;0;0;0;0;0;0;0;0;0;0;0;0;0;9a86;0;0;58;1;2;15005;8c;c000;0;78;79;78;81
31,744;1631112671,000;1;56;3;3;3;3;3;3;3;3;3;3;3;3;3;3;3;2;2;0;0;0;0;0;0;0;0;0;0;0;0;0;0;0;0;0;a286;0;0;59;1;2;15005;8c;c000;0;82;84;83;86
32,256;1631112671,000;1;58;3;3;3;3;3;3;3;3;3;3;3;3;3;3;3;2;2;0;0;0;0;0;0;0;0;0;0;0;0;0;0;0;0;0;aa86;0;0;59;1;2;15005;8c;c000;0;87;89;88;90
32,768;1631112672,000;1;58;3;3;3;3;3;3;3;3;3;3;3;3;3;3;3;2;2;0;0;0;0;0;0;0;0;0;0;0;0;0;0;0;0;0;b286;0;0;60;1;2;15005;8c;c000;0;92;93;92;95
33,280;1631112672,000;1;60;3;3;3;3;3;3;3;3;3;3;3;3;3;3;3;2;2;0;0;0;0;0;0;0;0;0;0;0;0;0;0;0;0;0;ba86;0;0;60;1;2;15005;8c;c000;0;96;98;97;100
33,792;1631112673,000;1;60;3;3;3;3;3;3;3;3;3;3;3;3;3;3;3;2;2;0;0;0;0;0;0;0;0;0;0;0;0;0;0;0;0;0;c286;0;0;61;1;2;15005;8c;c000;0;101;103;102;104
34,304;1631112673,000;1;62;3;3;3;3;3;3;3;3;3;3;3;3;3;3;3;2;2;0;0;0;0;0;0;0;0;0;0;0;0;0;0;0;0;0;ca86;0;0;61;1;2;15005;8c;c000;0;106;107;106;109
34,816;1631112674,000;1;62;3;3;3;3;3;3;3;3;3;3;3;3;3;3;3;2;2;0;0;0;0;0;0;0;0;0;0;0;0;0;0;0;0;0;d286;0;0;62;1;2;15005;8c;c000;0;110;112;111;114
35,328;1631112674,000;1;64;3;3;3;3;3;3;3;3;3;3;3;3;3;3;3;2;2;0;0;0;0;0;0;0;0;0;0;0;0;0;0;0;0;0;da86;0;0;62;1;2;15005;8c;c000;0;115;117;116;118
35,840;1631112675,000;1;64;3;3;3;3;3;3;3;3;3;3;3;3;3;3;3;2;2;0;0;0;0;0;0;0;0;0;0;0;0;0;0;0;0;0;e286;0;0;63;1;2;15005;8c;c000;0;120;121;120;123
36,352;1631112675,000;1;66;3;3;3;3;3;3;3;3;3;3;3;3;3;3;3;2;2;0;0;0;0;0;0;0;0;0;0;0;0;0;0;0;0;0;ea86;0;0;63;1;2;15005;8c;c000;0;124;126;125;128
36,864;1631112676,000;1;66;3;3;3;3;3;3;3;3;3;3;3;3;3;3;3;2;2;0;0;0;0;0;0;0;0;0;0;0;0;0;0;0;0;0;f286;0;0;64;1;2;15005;8c;c000;0;129;131;130;132
37,376;1631112676,000;1;68;3;3;3;3;3;3;3;3;3;3;3;3;3;3;3;2;2;0;0;0;0;0;0;0;0;0;0;0;0;0;0;0;0;0;fa84;0;0;64;1;2;15005;8c;c000;0;133;135;134;137
37,888;1631112677,000;1;68;3;3;3;3;3;3;3;3;3;3;3;3;3;3;3;2;2;0;0;0;0;0;0;0;0;0;0;0;0;0;0;0;0;0;284;0;0;65;1;2;15005;8c;c000;0;138;140;139;142
38,400;1631112677,000;1;70;3;3;3;3;3;3;3;3;3;3;3;3;3;3;3;2;2;0;0;0;0;0;0;0;0;0;0;0;0;0;0;0;0;0;a84;0;0;65;1;2;15005;8c;c000;0;143;145;144;146
38,912;1631112678,000;1;70;3;3;3;3;3;3;3;3;3;3;3;3;3;3;3;2;2;0;0;0;0;0;0;0;0;0;0;0;0;0;0;0;0;0;1284;0;0;66;1;2;15005;8c;c000;0;147;149;148;151
39,424;1631112678,000;1;72;3;3;3;3;3;3;3;3;3;3;3;3;3;3;3;2;2;0;0;0;0;0;0;0;0;0;0;0;0;0;0;0;0;0;1a84;0;0;66;1;2;15005;8c;c000;0;152;154;153;156
39,936;1631112679,000;1;72;3;3;3;3;3;3;3;3;3;3;3;3;3;3;3;2;2;0;0;0;0;0;0;0;0;0;0;0;0;0;0;0;0;0;2284;0;0;67;1;2;15005;8c;c000;0;157;158;158;160
40,448;1631112679,000;1;74;3;3;3;3;3;3;3;3;3;3;3;3;3;3;3;2;2;0;0;0;0;0;0;0;0;0;0;0;0;0;0;0;0;0;2a84;0;0;67;1;2;15005;8c;c000;0;161;163;162;165
40,960;1631112680,000;1;74;3;3;3;3;3;3;3;3;3;3;3;3;3;3;3;2;2;0;0;0;0;0;0;0;0;0;0;0;0;0;0;0;0;0;3284;0;0;68;1;2;15005;8c;c000;0;166;168;167;170
41,472;1631112680,000;1;76;3;3;3;3;3;3;3;3;3;3;3;3;3;3;3;2;2;0;0;0;0;0;0;0;0;0;0;0;0;0;0;0;0;0;3a84;0;0;68;1;2;15005;8c;c000;0;171;172;172;174
41,984;1631112681,000;1;76;3;3;3;3;3;3;3;3;3;3;3;3;3;3;3;2;2;0;0;0;0;0;0;0;0;0;0;0;0;0;0;0;0;0;4284;0;0;69;1;2;15005;8c;c000;0;175;177;176;179
42,496;1631112681,000;1;78;3;3;3;3;3;3;3;3;3;3;3;3;3;3;3;2;2;0;0;0;0;0;0;0;0;0;0;0;0;0;0;0;0;0;4a84;0;0;69;1;2;15005;8c;c000;0;180;182;181;184
43,008;1631112682,000;1;78;3;3;3;3;3;3;3;3;3;3;3;3;3;3;3;2;2;0;0;0;0;0;0;0;0;0;0;0;0;0;0;0;0;0;5284;0;0;70;1;2;15005;8c;c000;0;185;186;185;188
43,520;1631112682,000;1;80;3;3;3;3;3;3;3;3;3;3;3;3;3;3;3;2;2;0;0;0;0;0;0;0;0;0;0;0;0;0;0;0;0;0;5a84;0;0;70;1;2;15005;8c;c000;0;189;191;190;193
44,032;1631112683,000;1;80;3;3;3;3;3;3;3;3;3;3;3;3;3;3;3;2;2;0;0;0;0;0;0;0;0;0;0;0;0;0;0;0;0;0;6284;0;0;71;1;2;15005;8c;c000;0;194;196;195;198
44,544;1631112683,000;1;82;3;3;3;3;3;3;3;3;3;3;3;3;3;3;3;2;2;0;0;0;0;0;0;0;0;0;0;0;0;0;0;0;0;0;6a84;0;0;71;1;2;15005;8c;c000;0;199;200;199;202
45,056;1631112684,000;1;82;3;3;3;3;3;3;3;3;3;3;3;3;3;3;3;2;2;0;0;0;0;0;0;0;0;0;0;0;0;0;0;0;0;0;7284;0;0;72;1;2;15005;8c;c000;0;203;205;204;207
45,568;1631112684,000;1;85;3;3;3;3;3;3;3;3;3;3;3;3;3;3;3;2;2;0;0;0;0;0;0;0;0;0;0;0;0;0;0;0;0;0;7a84;0;0;72;1;2;15005;8c;c000;0;208;210;209;212
46,080;1631112685,000;1;85;3;3;3;3;3;3;3;3;3;3;3;3;3;3;3;2;2;0;0;0;0;0;0;0;0;0;0;0;0;0;0;0;0;0;8284;0;0;73;1;2;15005;8c;c000;0;213;214;213;216
46,592;1631112685,000;1;87;3;3;3;3;3;3;3;3;3;3;3;3;3;3;3;2;2;0;0;0;0;0;0;0;0;0;0;0;0;0;0;0;0;0;8a84;0;0;73;1;2;15005;8c;c000;0;217;219;218;221
47,104;1631112686,000;1;87;3;3;3;3;3;3;3;3;3;3;3;3;3;3;3;2;2;0;0;0;0;0;0;0;0;0;0;0;0;0;0;0;0;0;9284;0;0;74;1;2;15005;8c;c000;0;222;224;223;225
47,616;1631112687,000;1;89;3;3;3;3;3;3;3;3;3;3;3;3;3;3;3;2;2;0;0;0;0;0;0;0;0;0;0;0;0;0;0;0;0;0;9a84;0;0;74;1;2;15005;8c;c000;0;227;228;227;230
48,128;1631112687,000;1;89;3;3;3;3;3;3;3;3;3;3;3;3;3;3;3;2;2;0;0;0;0;0;0;0;0;0;0;0;0;0;0;0;0;0;a284;0;0;75;1;2;15005;8c;c000;0;231;233;232;235
48,640;1631112688,000;1;91;3;3;3;3;3;3;3;3;3;3;3;3;3;3;3;2;2;0;0;0;0;0;0;0;0;0;0;0;0;0;0;0;0;0;aa84;0;0;75;1;2;15005;8c;c000;0;236;238;237;239
49,152;1631112688,000;1;91;3;3;3;3;3;3;3;3;3;3;3;3;3;3;3;2;2;0;0;0;0;0;0;0;0;0;0;0;0;0;0;0;0;0;b284;0;0;76;1;2;15005;8c;c000;0;241;242;241;244
49,664;1631112689,000;1;93;3;3;3;3;3;3;3;3;3;3;3;3;3;3;3;2;2;0;0;0;0;0;0;0;0;0;0;0;0;0;0;0;0;0;ba84;0;0;76;1;2;15005;8c;c000;0;245;247;246;249
50,176;1631112689,000;1;93;3;3;3;3;3;3;3;3;3;3;3;3;3;3;3;2;2;0;0;0;0;0;0;0;0;0;0;0;0;0;0;0;0;0;c284;0;0;77;1;2;15005;8c;c000;0;250;252;251;253
50,688;1631112690,000;1;95;3;3;3;3;3;3;3;3;3;3;3;3;3;3;3;2;2;0;0;0;0;0;0;0;0;0;0;0;0;0;0;0;0;0;ca84;0;0;77;1;2;15005;8c;c000;0;255;0;255;2
51,200;1631112690,000;1;95;3;3;3;3;3;3;3;3;3;3;3;3;3;3;3;2;2;0;0;0;0;0;0;0;0;0;0;0;0;0;0;0;0;0;d284;0;0;78;1;2;15005;8c;c000;0;3;5;4;7
51,712;1631112691,000;1;97;3;3;3;3;3;3;3;3;3;3;3;3;3;3;3;2;2;0;0;0;0;0;0;0;0;0;0;0;0;0;0;0;0;0;da84;0;0;78;1;2;15005;8c;c000;0;8;10;9;11
52,224;1631112691,000;1;97;3;3;3;3;3;3;3;3;3;3;3;3;3;3;3;2;2;0;0;0;0;0;0;0;0;0;0;0;0;0;0;0;0;0;e284;0;0;79;1;2;15005;8c;c000;0;12;14;13;16
52,736;1631112692,000;1;99;3;3;3;3;3;3;3;3;3;3;3;3;3;3;3;2;2;0;0;0;0;0;0;0;0;0;0;0;0;0;0;0;0;0;ea84;0;0;79;1;2;15005;8c;c000;0;17;19;18;21
53,248;1631112692,000;1;99;3;3;3;3;3;3;3;3;3;3;3;3;3;3;3;2;2;0;0;0;0;0;0;0;0;0;0;0;0;0;0;0;0;0;f284;0;0;80;1;2;15005;8c;c000;0;22;23;23;25
53,760;1631112693,000;1;101;3;3;3;3;3;3;3;3;3;3;3;3;3;3;3;2;2;0;0;0;0;0;0;0;0;0;0;0;0;0;0;0;0;0;fa86;0;0;80;1;2;15005;8c;c000;0;26;28;27;30
54,272;1631112693,000;1;101;3;3;3;3;3;3;3;3;3;3;3;3;3;3;3;2;2;0;0;0;0;0;0;0;0;0;0;0;0;0;0;0;0;0;286;0;0;81;1;2;15005;8c;c000;0;31;33;32;35
54,784;1631112694,000;1;103;3;3;3;3;3;3;3;3;3;3;3;3;3;3;3;2;2;0;0;0;0;0;0;0;0;0;0;0;0;0;0;0;0;0;a86;0;0;81;1;2;15005;8c;c000;0;36;37;37;39
55,296;1631112694,000;1;103;3;3;3;3;3;3;3;3;3;3;3;3;3;3;3;2;2;0;0;0;0;0;0;0;0;0;0;0;0;0;0;0;0;0;1286;0;0;82;1;2;15005;8c;c000;0;40;42;41;44
55,808;1631112695,000;1;105;3;3;3;3;3;3;3;3;3;3;3;3;3;3;3;2;2;0;0;0;0;0;0;0;0;0;0;0;0;0;0;0;0;0;1a86;0;0;82;1;2;15005;8c;c000;0;45;47;46;49
56,320;1631112695,000;1;105;3;3;3;3;3;3;3;3;3;3;3;3;3;3;3;2;2;0;0;0;0;0;0;0;0;0;0;0;0;0;0;0;0;0;2286;0;0;83;1;2;15005;8c;c000;0;50;51;51;53
56,832;1631112696,000;1;107;3;3;3;3;3;3;3;3;3;3;3;3;3;3;3;2;2;0;0;0;0;0;0;0;0;0;0;0;0;0;0;0;0;0;2a86;0;0;83;1;2;15005;8c;c000;0;54;56;55;58
57,344;1631112696,000;1;107;3;3;3;3;3;3;3;3;3;3;3;3;3;3;3;2;2;0;0;0;0;0;0;0;0;0;0;0;0;0;0;0;0;0;3286;0;0;84;1;2;15005;8c;c000;0;59;61;60;63
57,856;1631112697,000;1;109;3;3;3;3;3;3;3;3;3;3;3;3;3;3;3;2;2;0;0;0;0;0;0;0;0;0;0;0;0;0;0;0;0;0;3a86;0;0;84;1;2;15005;8c;c000;0;64;65;64;67
58,368;1631112697,000;1;109;3;3;3;3;3;3;3;3;3;3;3;3;3;3;3;2;2;0;0;0;0;0;0;0;0;0;0;0;0;0;0;0;0;0;4286;0;0;85;1;2;15005;8c;c000;0;68;70;69;72
58,880;1631112698,000;1;111;3;3;3;3;3;3;3;3;3;3;3;3;3;3;3;2;2;0;0;0;0;0;0;0;0;0;0;0;0;0;0;0;0;0;4a86;0;0;85;1;2;15005;8c;c000;0;73;75;74;77
59,392;1631112698,000;1;111;3;3;3;3;3;3;3;3;3;3;3;3;3;3;3;2;2;0;0;0;0;0;0;0;0;0;0;0;0;0;0;0;0;0;5286;0;0;86;1;2;15005;8c;c000;0;78;79;78;81
59,904;1631112699,000;1;113;3;3;3;3;3;3;3;3;3;3;3;3;3;3;3;2;2;0;0;0;0;0;0;0;0;0;0;0;0;0;0;0;0;0;5a86;0;0;86;1;2;15005;8c;c000;0;82;84;83;86
60,416;1631112699,000;1;113;3;3;3;3;3;3;3;3;3;3;3;3;3;3;3;2;2;0;0;0;0;0;0;0;0;0;0;0;0;0;0;0;0;0;6286;0;0;87;1;2;15005;8c;c000;0;87;89;88;90
60,928;1631112700,000;1;115;3;3;3;3;3;3;3;3;3;3;3;3;3;3;3;2;2;0;0;0;0;0;0;0;0;0;0;0;0;0;0;0;0;0;6a86;0;0;87;1;2;15005;8c;c000;0;92;93;92;95
61,440;1631112700,000;1;115;3;3;3;3;3;3;3;3;3;3;3;3;3;3;3;2;2;0;0;0;0;0;0;0;0;0;0;0;0;0;0;0;0;0;7286;0;0;88;1;2;15005;8c;c000;0;96;98;97;100
61,952;1631112701,000;1;117;3;3;3;3;3;3;3;3;3;3;3;3;3;3;3;2;2;0;0;0;0;0;0;0;0;0;0;0;0;0;0;0;0;0;7a86;0;0;88;1;2;15005;8c;c000;0;101;103;102;104
62,464;1631112701,000;1;117;3;3;3;3;3;3;3;3;3;3;3;3;3;3;3;2;2;0;0;0;0;0;0;0;0;0;0;0;0;0;0;0;0;0;8286;0;0;89;1;2;15005;8c;c000;0;106;107;106;109
62,976;1631112702,000;1;119;3;3;3;3;3;3;3;3;3;3;3;3;3;3;3;2;2;0;0;0;0;0;0;0;0;0;0;0;0;0;0;0;0;0;8a86;0;0;89;1;2;15005;8c;c000;0;110;112;111;114
63,488;1631112702,000;1;119;3;3;3;3;3;3;3;3;3;3;3;3;3;3;3;2;2;0;0;0;0;0;0;0;0;0;0;0;0;0;0;0;0;0;9286;0;0;90;1;2;15005;8c;c000;0;115;117;116;118
64,000;1631112703,000;1;121;3;3;3;3;3;3;3;3;3;3;3;3;3;3;3;2;2;0;0;0;0;0;0;0;0;0;0;0;0;0;0;0;0;0;9a86;0;0;90;1;2;15005;8c;c000;0;120;121;120;123
64,512;1631112703,000;1;121;3;3;3;3;3;3;3;3;3;3;3;3;3;3;3;2;2;0;0;0;0;0;0;0;0;0;0;0;0;0;0;0;0;0;a286;0;0;91;1;2;15005;8c;c000;0;124;126;125;128
65,024;1631112704,000;1;123;3;3;3;3;3;3;3;3;3;3;3;3;3;3;3;2;2;0;0;0;0;0;0;0;0;0;0;0;0;0;0;0;0;0;aa86;0;0;91;1;2;15005;8c;c000;0;129;131;130;132
65,536;1631112704,000;1;123;3;3;3;3;3;3;3;3;3;3;3;3;3;3;3;2;2;0;0;0;0;0;0;0;0;0;0;0;0;0;0;0;0;0;b286;0;0;92;1;2;15005;8c;c000;0;133;135;134;137
66,048;1631112705,000;1;125;3;3;3;3;3;3;3;3;3;3;3;3;3;3;3;2;2;0;0;0;0;0;0;0;0;0;0;0;0;0;0;0;0;0;ba86;0;0;92;1;2;15005;8c;c000;0;138;140;139;142
66,560;1631112705,000;1;125;3;3;3;3;3;3;3;3;3;3;3;3;3;3;3;2;2;0;0;0;0;0;0;0;0;0;0;0;0;0;0;0;0;0;c286;0;0;93;1;2;15005;8c;c000;0;143;145;144;146
67,072;1631112706,000;1;127;3;3;3;3;3;3;3;3;3;3;3;3;3;3;3;2;2;0;0;0;0;0;0;0;0;0;0;0;0;0;0;0;0;0;ca86;0;0;93;1;2;15005;8c;c000;0;147;149;148;151
67,584;1631112706,000;1;127;3;3;3;3;3;3;3;3;3;3;3;3;3;3;3;2;2;0;0;0;0;0;0;0;0;0;0;0;0;0;0;0;0;0;d286;0;0;94;1;2;15005;8c;c000;0;152;154;153;156
68,096;1631112707,000;1;129;3;3;3;3;3;3;3;3;3;3;3;3;3;3;3;2;2;0;0;0;0;0;0;0;0;0;0;0;0;0;0;0;0;0;da86;0;0;94;1;2;15005;8c;c000;0;157;158;158;160
68,608;1631112707,000;1;129;3;3;3;3;3;3;3;3;3;3;3;3;3;3;3;2;2;0;0;0;0;0;0;0;0;0;0;0;0;0;0;0;0;0;e286;0;0;95;1;2;15005;8c;c000;0;161;163;162;165
69,120;1631112708,000;1;131;3;3;3;3;3;3;3;3;3;3;3;3;3;3;3;2;2;0;0;0;0;0;0;0;0;0;0;0;0;0;0;0;0;0;ea86;0;0;95;1;2;15005;8c;c000;0;166;168;167;170
69,632;1631112709,000;1;131;3;3;3;3;3;3;3;3;3;3;3;3;3;3;3;2;2;0;0;0;0;0;0;0;0;0;0;0;0;0;0;0;0;0;f286;0;0;96;1;2;15005;8c;c000;0;171;172;172;174
70,144;1631112709,000;1;134;3;3;3;3;3;3;3;3;3;3;3;3;3;3;3;2;2;0;0;0;0;0;0;0;0;0;0;0;0;0;0;0;0;0;fa84;0;0;96;1;2;15005;8c;c000;0;175;177;176;179
70,656;1631112710,000;1;134;3;3;3;3;3;3;3;3;3;3;3;3;3;3;3;2;2;0;0;0;0;0;0;0;0;0;0;0;0;0;0;0;0;0;284;0;0;97;1;2;15005;8c;c000;0;180;182;181;184
71,168;1631112710,000;1;136;3;3;3;3;3;3;3;3;3;3;3;3;3;3;3;2;2;0;0;0;0;0;0;0;0;0;0;0;0;0;0;0;0;0;a84;0;0;97;1;2;15005;8c;c000;0;185;186;185;188
71,680;1631112711,000;1;136;3;3;3;3;3;3;3;3;3;3;3;3;3;3;3;2;2;0;0;0;0;0;0;0;0;0;0;0;0;0;0;0;0;0;1284;0;0;98;1;2;15005;8c;c000;0;189;191;190;193
72,192;1631112711,000;1;138;3;3;3;3;3;3;3;3;3;3;3;3;3;3;3;2;2;0;0;0;0;0;0;0;0;0;0;0;0;0;0;0;0;0;1a84;0;0;98;1;2;15005;8c;c000;0;194;196;195;198
72,704;1631112712,000;1;138;3;3;3;3;3;3;3;3;3;3;3;3;3;3;3;2;2;0;0;0;0;0;0;0;0;0;0;0;0;0;0;0;0;0;2284;0;0;99;1;2;15005;8c;c000;0;199;200;199;202
73,216;1631112712,000;1;140;3;3;3;3;3;3;3;3;3;3;3;3;3;3;3;2;2;0;0;0;0;0;0;0;0;0;0;0;0;0;0;0;0;0;2a84;0;0;99;1;2;15005;8c;c000;0;203;205;204;207
73,728;1631112713,000;1;140;3;3;3;3;3;3;3;3;3;3;3;3;3;3;3;2;2;0;0;0;0;0;0;0;0;0;0;0;0;0;0;0;0;0;3284;0;0;100;1;2;15005;8c;c000;0;208;210;209;212
74,240;1631112713,000;1;142;3;3;3;3;3;3;3;3;3;3;3;3;3;3;3;2;2;0;0;0;0;0;0;0;0;0;0;0;0;0;0;0;0;0;3a84;0;0;100;1;2;15005;8c;c000;0;213;214;213;216
74,752;1631112714,000;1;142;3;3;3;3;3;3;3;3;3;3;3;3;3;3;3;2;2;0;0;0;0;0;0;0;0;0;0;0;0;0;0;0;0;0;4284;0;0;101;1;2;15005;8c;c000;0;217;219;218;221
75,264;1631112714,000;1;144;3;3;3;3;3;3;3;3;3;3;3;3;3;3;3;2;2;0;0;0;0;0;0;0;0;0;0;0;0;0;0;0;0;0;4a84;0;0;101;1;2;15005;8c;c000;0;222;224;223;225
75,776;1631112715,000;1;144;3;3;3;3;3;3;3;3;3;3;3;3;3;3;3;2;2;0;0;0;0;0;0;0;0;0;0;0;0;0;0;0;0;0;5284;0;0;102;1;2;15005;8c;c000;0;227;228;227;230
76,288;1631112715,000;1;146;3;3;3;3;3;3;3;3;3;3;3;3;3;3;3;2;2;0;0;0;0;0;0;0;0;0;0;0;0;0;0;0;0;0;5a84;0;0;102;1;2;15005;8c;c000;0;231;233;232;235
76,800;1631112716,000;1;146;3;3;3;3;3;3;3;3;3;3;3;3;3;3;3;2;2;0;0;0;0;0;0;0;0;0;0;0;0;0;0;0;0;0;6284;0;0;103;1;2;15005;8c;c000;0;236;238;237;239
77,312;1631112716,000;1;148;3;3;3;3;3;3;3;3;3;3;3;3;3;3;3;2;2;0;0;0;0;0;0;0;0;0;0;0;0;0;0;0;0;0;6a84;0;0;103;1;2;15005;8c;c000;0;241;242;241;244
77,824;1631112717,000;1;148;3;3;3;3;3;3;3;3;3;3;3;3;3;3;3;2;2;0;0;0;0;0;0;0;0;0;0;0;0;0;0;0;0;0;7284;0;0;104;1;2;15005;8c;c000;0;245;247;246;249
78,336;1631112717,000;1;150;3;3;3;3;3;3;3;3;3;3;3;3;3;3;3;2;2;0;0;0;0;0;0;0;0;0;0;0;0;0;0;0;0;0;7a84;0;0;104;1;2;15005;8c;c000;0;250;252;251;253
78,848;1631112718,000;1;150;3;3;3;3;3;3;3;3;3;3;3;3;3;3;3;2;2;0;0;0;0;0;0;0;0;0;0;0;0;0;0;0;0;0;8284;0;0;105;1;2;15005;8c;c000;0;255;0;255;2
79,360;1631112718,000;1;152;3;3;3;3;3;3;3;3;3;3;3;3;3;3;3;2;2;0;0;0;0;0;0;0;0;0;0;0;0;0;0;0;0;0;8a84;0;0;105;1;2;15005;8c;c000;0;3;5;4;7
79,872;1631112719,000;1;152;3;3;3;3;3;3;3;3;3;3;3;3;3;3;3;2;2;0;0;0;0;0;0;0;0;0;0;0;0;0;0;0;0;0;9284;0;0;106;1;2;15005;8c;c000;0;8;10;9;11
80,384;1631112719,000;1;154;3;3;3;3;3;3;3;3;3;3;3;3;3;3;3;2;2;0;0;0;0;0;0;0;0;0;0;0;0;0;0;0;0;0;9a84;0;0;106;1;2;15005;8c;c000;0;12;14;13;16
80,896;1631112720,000;1;154;3;3;3;3;3;3;3;3;3;3;3;3;3;3;3;2;2;0;0;0;0;0;0;0;0;0;0;0;0;0;0;0;0;0;a284;0;0;107;1;2;15005;8c;c000;0;17;19;18;21
81,408;1631112720,000;1;156;3;3;3;3;3;3;3;3;3;3;3;3;3;3;3;2;2;0;0;0;0;0;0;0;0;0;0;0;0;0;0;0;0;0;aa84;0;0;107;1;2;15005;8c;c000;0;22;23;23;25
81,920;1631112721,000;1;156;3;3;3;3;3;3;3;3;3;3;3;3;3;3;3;2;2;0;0;0;0;0;0;0;0;0;0;0;0;0;0;0;0;0;b284;0;0;108;1;2;15005;8c;c000;0;26;28;27;30
82,432;1631112721,000;1;158;3;3;3;3;3;3;3;3;3;3;3;3;3;3;3;2;2;0;0;0;0;0;0;0;0;0;0;0;0;0;0;0;0;0;ba84;0;0;108;1;2;15005;8c;c000;0;31;33;32;35
82,944;1631112722,000;1;158;3;3;3;3;3;3;3;3;3;3;3;3;3;3;3;2;2;0;0;0;0;0;0;0;0;0;0;0;0;0;0;0;0;0;c284;0;0;109;1;2;15005;8c;c000;0;36;37;37;39
83,456;1631112722,000;1;160;3;3;3;3;3;3;3;3;3;3;3;3;3;3;3;2;2;0;0;0;0;0;0;0;0;0;0;0;0;0;0;0;0;0;ca84;0;0;109;1;2;15005;8c;c000;0;40;42;41;44
83,968;1631112723,000;1;160;3;3;3;3;3;3;3;3;3;3;3;3;3;3;3;2;2;0;0;0;0;0;0;0;0;0;0;0;0;0;0;0;0;0;d284;0;0;110;1;2;15005;8c;c000;0;45;47;46;49
84,480;1631112723,000;1;162;3;3;3;3;3;3;3;3;3;3;3;3;3;3;3;2;2;0;0;0;0;0;0;0;0;0;0;0;0;0;0;0;0;0;da84;0;0;110;1;2;15005;8c;c000;0;50;51;51;53
84,992;1631112724,000;1;162;3;3;3;3;3;3;3;3;3;3;3;3;3;3;3;2;2;0;0;0;0;0;0;0;0;0;0;0;0;0;0;0;0;0;e284;0;0;111;1;2;15005;8c;c000;0;54;56;55;58
85,504;1631112724,000;1;164;3;3;3;3;3;3;3;3;3;3;3;3;3;3;3;2;2;0;0;0;0;0;0;0;0;0;0;0;0;0;0;0;0;0;ea84;0;0;111;1;2;15005;8c;c000;0;59;61;60;63
86,016;1631112725,000;1;164;3;3;3;3;3;3;3;3;3;3;3;3;3;3;3;2;2;0;0;0;0;0;0;0;0;0;0;0;0;0;0;0;0;0;f284;0;0;112;1;2;15005;8c;c000;0;64;65;64;67
86,528;1631112725,000;1;166;3;3;3;3;3;3;3;3;3;3;3;3;3;3;3;2;2;0;0;0;0;0;0;0;0;0;0;0;0;0;0;0;0;0;fa86;0;0;112;1;2;15005;8c;c000;0;68;70;69;72
87,040;1631112726,000;1;166;3;3;3;3;3;3;3;3;3;3;3;3;3;3;3;2;2;0;0;0;0;0;0;0;0;0;0;0;0;0;0;0;0;0;286;0;0;113;1;2;15005;8c;c000;0;73;75;74;77
87,552;1631112726,000;1;168;3;3;3;3;3;3;3;3;3;3;3;3;3;3;3;2;2;0;0;0;0;0;0;0;0;0;0;0;0;0;0;0;0;0;a86;0;0;113;1;2;15005;8c;c000;0;78;79;78;81
88,064;1631112727,000;1;168;3;3;3;3;3;3;3;3;3;3;3;3;3;3;3;2;2;0;0;0;0;0;0;0;0;0;0;0;0;0;0;0;0;0;1286;0;0;114;1;2;15005;8c;c000;0;82;84;83;86
88,576;1631112727,000;1;170;3;3;3;3;3;3;3;3;3;3;3;3;3;3;3;2;2;0;0;0;0;0;0;0;0;0;0;0;0;0;0;0;0;0;1a86;0;0;114;1;2;15005;8c;c000;0;87;89;88;90
89,088;1631112728,000;1;170;3;3;3;3;3;3;3;3;3;3;3;3;3;3;3;2;2;0;0;0;0;0;0;0;0;0;0;0;0;0;0;0;0;0;2286;0;0;115;1;2;15005;8c;c000;0;92;93;92;95
89,600;1631112728,000;1;172;3;3;3;3;3;3;3;3;3;3;3;3;3;3;3;2;2;0;0;0;0;0;0;0;0;0;0;0;0;0;0;0;0;0;2a86;0;0;115;1;2;15005;8c;c000;0;96;98;97;100
90,112;1631112729,000;1;172;3;3;3;3;3;3;3;3;3;3;3;3;3;3;3;2;2;0;0;0;0;0;0;0;0;0;0;0;0;0;0;0;0;0;3286;0;0;116;1;2;15005;8c;c000;0;101;103;102;104
90,624;1631112730,000;1;174;3;3;3;3;3;3;3;3;3;3;3;3;3;3;3;2;2;0;0;0;0;0;0;0;0;0;0;0;0;0;0;0;0;0;3a86;0;0;116;1;2;15005;8c;c000;0;106;107;106;109
91,136;1631112730,000;1;174;3;3;3;3;3;3;3;3;3;3;3;3;3;3;3;2;2;0;0;0;0;0;0;0;0;0;0;0;0;0;0;0;0;0;4286;0;0;117;1;2;15005;8c;c000;0;110;112;111;114
91,648;1631112731,000;1;176;3;3;3;3;3;3;3;3;3;3;3;3;3;3;3;2;2;0;0;0;0;0;0;0;0;0;0;0;0;0;0;0;0;0;4a86;0;0;117;1;2;15005;8c;c000;0;115;117;116;118
92,160;1631112731,000;1;176;3;3;3;3;3;3;3;3;3;3;3;3;3;3;3;2;2;0;0;0;0;0;0;0;0;0;0;0;0;0;0;0;0;0;5286;0;0;118;1;2;15005;8c;c000;0;120;121;120;123
92,672;1631112732,000;1;178;3;3;3;3;3;3;3;3;3;3;3;3;3;3;3;2;2;0;0;0;0;0;0;0;0;0;0;0;0;0;0;0;0;0;5a86;0;0;118;1;2;15005;8c;c000;0;124;126;125;128
93,184;1631112732,000;1;178;3;3;3;3;3;3;3;3;3;3;3;3;3;3;3;2;2;0;0;0;0;0;0;0;0;0;0;0;0;0;0;0;0;0;6286;0;0;119;1;2;15005;8c;c000;0;129;131;130;132
93,696;1631112733,000;1;181;3;3;3;3;3;3;3;3;3;3;3;3;3;3;3;2;2;0;0;0;0;0;0;0;0;0;0;0;0;0;0;0;0;0;6a86;0;0;119;1;2;15005;8c;c000;0;133;135;134;137
94,208;1631112733,000;1;181;3;3;3;3;3;3;3;3;3;3;3;3;3;3;3;2;2;0;0;0;0;0;0;0;0;0;0;0;0;0;0;0;0;0;7286;0;0;120;1;2;15005;8c;c000;0;138;140;139;142
94,720;1631112734,000;1;183;3;3;3;3;3;3;3;3;3;3;3;3;3;3;3;2;2;0;0;0;0;0;0;0;0;0;0;0;0;0;0;0;0;0;7a86;0;0;120;1;2;15005;8c;c000;0;143;145;144;146
95,232;1631112734,000;1;183;3;3;3;3;3;3;3;3;3;3;3;3;3;3;3;2;2;0;0;0;0;0;0;0;0;0;0;0;0;0;0;0;0;0;8286;0;0;121;1;2;15005;8c;c000;0;147;149;148;151
95,744;1631112735,000;1;185;3;3;3;3;3;3;3;3;3;3;3;3;3;3;3;2;2;0;0;0;0;0;0;0;0;0;0;0;0;0;0;0;0;0;8a86;0;0;121;1;2;15005;8c;c000;0;152;154;153;156
96,256;1631112735,000;1;185;3;3;3;3;3;3;3;3;3;3;3;3;3;3;3;2;2;0;0;0;0;0;0;0;0;0;0;0;0;0;0;0;0;0;9286;0;0;122;1;2;15005;8c;c000;0;157;158;158;160
96,768;1631112736,000;1;187;3;3;3;3;3;3;3;3;3;3;3;3;3;3;3;2;2;0;0;0;0;0;0;0;0;0;0;0;0;0;0;0;0;0;9a86;0;0;122;1;2;15005;8c;c000;0;161;163;162;165
97,280;1631112736,000;1;187;3;3;3;3;3;3;3;3;3;3;3;3;3;3;3;2;2;0;0;0;0;0;0;0;0;0;0;0;0;0;0;0;0;0;a286;0;0;123;1;2;15005;8c;c000;0;166;168;167;170
97,792;1631112737,000;1;189;3;3;3;3;3;3;3;3;3;3;3;3;3;3;3;2;2;0;0;0;0;0;0;0;0;0;0;0;0;0;0;0;0;0;aa86;0;0;123;1;2;15005;8c;c000;0;171;172;172;174
98,304;1631112737,000;1;189;3;3;3;3;3;3;3;3;3;3;3;3;3;3;3;2;2;0;0;0;0;0;0;0;0;0;0;0;0;0;0;0;0;0;b286;0;0;124;1;2;15005;8c;c000;0;175;177;176;179
98,816;1631112738,000;1;191;3;3;3;3;3;3;3;3;3;3;3;3;3;3;3;2;2;0;0;0;0;0;0;0;0;0;0;0;0;0;0;0;0;0;ba86;0;0;124;1;2;15005;8c;c000;0;180;182;181;184
99,328;1631112738,000;1;191;3;3;3;3;3;3;3;3;3;3;3;3;3;3;3;2;2;0;0;0;0;0;0;0;0;0;0;0;0;0;0;0;0;0;c286;0;0;125;1;2;15005;8c;c000;0;185;186;185;188
99,840;1631112739,000;1;193;3;3;3;3;3;3;3;3;3;3;3;3;3;3;3;2;2;0;0;0;0;0;0;0;0;0;0;0;0;0;0;0;0;0;ca86;0;0;125;1;2;15005;8c;c000;0;189;191;190;193
100,352;1631112739,000;1;193;3;3;3;3;3;3;3;3;3;3;3;3;3;3;3;2;1;0;0;0;0;0;0;0;0;0;0;0;0;0;0;0;0;0;d286;0;0;126;1;2;15005;8c;c000;0;194;196;195;198
100,864;1631112740,000;1;195;3;3;3;3;3;3;3;3;3;3;3;3;3;3;3;2;1;0;0;0;0;0;0;0;0;0;0;0;0;0;0;0;0;0;da86;0;0;126;1;2;15005;8c;c000;0;199;200;199;202
101,376;1631112740,000;1;195;3;3;3;3;3;3;3;3;3;3;3;3;3;3;3;2;1;0;0;0;0;0;0;0;0;0;0;0;0;0;0;0;0;0;e286;0;0;127;1;2;15005;8c;c000;0;203;205;204;207
101,888;1631112741,000;1;197;3;3;3;3;3;3;3;3;3;3;3;3;3;3;3;2;1;0;0;0;0;0;0;0;0;0;0;0;0;0;0;0;0;0;ea86;0;0;127;1;2;15005;8c;c000;0;208;210;209;212
102,400;1631112741,000;1;197;3;3;3;3;3;3;3;3;3;3;3;3;3;3;3;2;1;0;0;0;0;0;0;0;0;0;0;0;0;0;0;0;0;0;f286;0;0;128;1;2;15005;8c;c000;0;213;214;213;216
102,912;1631112742,000;1;199;3;3;3;3;3;3;3;3;3;3;3;3;3;3;3;2;1;0;0;0;0;0;0;0;0;0;0;0;0;0;0;0;0;0;fa84;0;0;128;1;2;15005;8c;c000;0;217;219;218;221
103,424;1631112742,000;1;199;3;3;3;3;3;3;3;3;3;3;3;3;3;3;3;2;1;0;0;0;0;0;0;0;0;0;0;0;0;0;0;0;0;0;284;0;0;129;1;2;15005;8c;c000;0;222;224;223;225
103,936;1631112743,000;1;201;3;3;3;3;3;3;3;3;3;3;3;3;3;3;3;2;1;0;0;0;0;0;0;0;0;0;0;0;0;0;0;0;0;0;a84;0;0;129;1;2;15005;8c;c000;0;227;228;227;230
104,448;1631112743,000;1;201;3;3;3;3;3;3;3;3;3;3;3;3;3;3;3;2;1;0;0;0;0;0;0;0;0;0;0;0;0;0;0;0;0;0;1284;0;0;130;1;2;15005;8c;c000;0;231;233;232;235
104,960;1631112744,000;1;203;3;3;3;3;3;3;3;3;3;3;3;3;3;3;3;2;1;0;0;0;0;0;0;0;0;0;0;0;0;0;0;0;0;0;1a84;0;0;130;1;2;15005;8c;c000;0;236;238;237;239
105,472;1631112744,000;1;203;3;3;3;3;3;3;3;3;3;3;3;3;3;3;3;2;1;0;0;0;0;0;0;0;0;0;0;0;0;0;0;0;0;0;2284;0;0;131;1;2;15005;8c;c000;0;241;242;241;244
105,984;1631112745,000;1;205;3;3;3;3;3;3;3;3;3;3;3;3;3;3;3;2;1;0;0;0;0;0;0;0;0;0;0;0;0;0;0;0;0;0;2a84;0;0;131;1;2;15005;8c;c000;0;245;247;246;249
106,496;1631112745,000;1;205;3;3;3;3;3;3;3;3;3;3;3;3;3;3;3;2;1;0;0;0;0;0;0;0;0;0;0;0;0;0;0;0;0;0;3284;0;0;132;1;2;15005;8c;c000;0;250;252;251;253
107,008;1631112746,000;1;207;3;3;3;3;3;3;3;3;3;3;3;3;3;3;3;2;1;0;0;0;0;0;0;0;0;0;0;0;0;0;0;0;0;0;3a84;0;0;132;1;2;15005;8c;c000;0;255;0;255;2
107,520;1631112746,000;1;207;3;3;3;3;3;3;3;3;3;3;3;3;3;3;3;2;1;0;0;0;0;0;0;0;0;0;0;0;0;0;0;0;0;0;4284;0;0;133;1;2;15005;8c;c000;0;3;5;4;7
108,032;1631112747,000;1;209;3;3;3;3;3;3;3;3;3;3;3;3;3;3;3;2;2;0;0;0;0;0;0;0;0;0;0;0;0;0;0;0;0;0;4a84;0;0;133;1;2;15005;8c;c000;0;8;10;9;11
108,544;1631112747,000;1;209;3;3;3;3;3;3;3;3;3;3;3;3;3;3;3;2;2;0;0;0;0;0;0;0;0;0;0;0;0;0;0;0;0;0;5284;0;0;134;1;2;15005;8c;c000;0;12;14;13;16
109,056;1631112748,000;1;211;3;3;3;3;3;3;3;3;3;3;3;3;3;3;3;2;1;0;0;0;0;0;0;0;0;0;0;0;0;0;0;0;0;0;5a84;0;0;134;1;2;15005;8c;c000;0;17;19;18;21
109,568;1631112748,000;1;211;3;3;3;3;3;3;3;3;3;3;3;3;3;3;3;2;1;0;0;0;0;0;0;0;0;0;0;0;0;0;0;0;0;0;6284;0;0;135;1;2;15005;8c;c000;0;22;23;23;25
110,080;1631112749,000;1;213;3;3;3;3;3;3;3;3;3;3;3;3;3;3;3;2;1;0;0;0;0;0;0;0;0;0;0;0;0;0;0;0;0;0;6a84;0;0;135;1;2;15005;8c;c000;0;26;28;27;30
110,592;1631112749,000;1;213;3;3;3;3;3;3;3;3;3;3;3;3;3;3;3;2;1;0;0;0;0;0;0;0;0;0;0;0;0;0;0;0;0;0;7284;0;0;136;1;2;15005;8c;c000;0;31;33;32;35
111,104;1631112750,000;1;215;3;3;3;3;3;3;3;3;3;3;3;3;3;3;3;2;1;0;0;0;0;0;0;0;0;0;0;0;0;0;0;0;0;0;7a84;0;0;136;1;2;15005;8c;c000;0;36;37;37;39
111,616;1631112750,000;1;215;3;3;3;3;3;3;3;3;3;3;3;3;3;3;3;2;1;0;0;0;0;0;0;0;0;0;0;0;0;0;0;0;0;0;8284;0;0;137;1;2;15005;8c;c000;0;40;42;41;44
112,128;1631112751,000;1;217;3;3;3;3;3;3;3;3;3;3;3;3;3;3;3;2;1;0;0;0;0;0;0;0;0;0;0;0;0;0;0;0;0;0;8a84;0;0;137;1;2;15005;8c;c000;0;45;47;46;49
112,640;1631112752,000;1;217;3;3;3;3;3;3;3;3;3;3;3;3;3;3;3;2;1;0;0;0;0;0;0;0;0;0;0;0;0;0;0;0;0;0;9284;0;0;138;1;2;15005;8c;c000;0;50;51;51;53
113,152;1631112752,000;1;219;3;3;3;3;3;3;3;3;3;3;3;3;3;3;3;2;1;0;0;0;0;0;0;0;0;0;0;0;0;0;0;0;0;0;9a84;0;0;138;1;2;15005;8c;c000;0;54;56;55;58
113,664;1631112753,000;1;219;3;3;3;3;3;3;3;3;3;3;3;3;3;3;3;2;1;0;0;0;0;0;0;0;0;0;0;0;0;0;0;0;0;0;a284;0;0;139;1;2;15005;8c;c000;0;59;61;60;63
114,176;1631112753,000;1;221;3;3;3;3;3;3;3;3;3;3;3;3;3;3;3;2;1;0;0;0;0;0;0;0;0;0;0;0;0;0;0;0;0;0;aa84;0;0;139;1;2;15005;8c;c000;0;64;65;64;67
114,688;1631112754,000;1;221;3;3;3;3;3;3;3;3;3;3;3;3;3;3;3;2;1;0;0;0;0;0;0;0;0;0;0;0;0;0;0;0;0;0;b284;0;0;140;1;2;15005;8c;c000;0;68;70;69;72
115,200;1631112754,000;1;223;3;3;3;3;3;3;3;3;3;3;3;3;3;3;3;2;1;0;0;0;0;0;0;0;0;0;0;0;0;0;0;0;0;0;ba84;0;0;140;1;2;15005;8c;c000;0;73;75;74;77
115,712;1631112755,000;1;223;3;3;3;3;3;3;3;3;3;3;3;3;3;3;3;2;1;0;0;0;0;0;0;0;0;0;0;0;0;0;0;0;0;0;c284;0;0;141;1;2;15005;8c;c000;0;78;79;78;81
116,224;1631112755,000;1;225;3;3;3;3;3;3;3;3;3;3;3;3;3;3;3;2;1;0;0;0;0;0;0;0;0;0;0;0;0;0;0;0;0;0;ca84;0;0;141;1;2;15005;8c;c000;0;82;84;83;86
116,736;1631112756,000;1;225;3;3;3;3;3;3;3;3;3;3;3;3;3;3;3;2;1;0;0;0;0;0;0;0;0;0;0;0;0;0;0;0;0;0;d284;0;0;142;1;2;15005;8c;c000;0;87;89;88;90
117,248;1631112756,000;1;227;3;3;3;3;3;3;3;3;3;3;3;3;3;3;3;2;1;0;0;0;0;0;0;0;0;0;0;0;0;0;0;0;0;0;da84;0;0;142;1;2;15005;8c;c000;0;92;93;92;95
117,760;1631112757,000;1;227;3;3;3;3;3;3;3;3;3;3;3;3;3;3;3;2;1;0;0;0;0;0;0;0;0;0;0;0;0;0;0;0;0;0;e284;0;0;143;1;2;15005;8c;c000;0;96;98;97;100
118,272;1631112757,000;1;230;3;3;3;3;3;3;3;3;3;3;3;3;3;3;3;2;1;0;0;0;0;0;0;0;0;0;0;0;0;0;0;0;0;0;ea84;0;0;143;1;2;15005;8c;c000;0;101;103;102;104
118,784;1631112758,000;1;230;3;3;3;3;3;3;3;3;3;3;3;3;3;3;3;2;1;0;0;0;0;0;0;0;0;0;0;0;0;0;0;0;0;0;f284;0;0;144;1;2;15005;8c;c000;0;106;107;106;109
119,296;1631112758,000;1;232;3;3;3;3;3;3;3;3;3;3;3;3;3;3;3;2;1;0;0;0;0;0;0;0;0;0;0;0;0;0;0;0;0;0;fa86;0;0;144;1;2;15005;8c;c000;0;110;112;111;114
119,808;1631112759,000;1;232;3;3;3;3;3;3;3;3;3;3;3;3;3;3;3;2;1;0;0;0;0;0;0;0;0;0;0;0;0;0;0;0;0;0;286;0;0;145;1;2;15005;8c;c000;0;115;117;116;118
120,320;1631112759,000;1;234;3;3;3;3;3;3;3;3;3;3;3;3;3;3;3;2;1;0;0;0;0;0;0;0;0;0;0;0;0;0;0;0;0;0;a86;0;0;145;1;2;15005;8c;c000;0;120;121;120;123
120,832;1631112760,000;1;234;3;3;3;3;3;3;3;3;3;3;3;3;3;3;3;2;1;0;0;0;0;0;0;0;0;0;0;0;0;0;0;0;0;0;1286;0;0;146;1;2;15005;8c;c000;0;124;126;125;128
121,344;1631112760,000;1;236;3;3;3;3;3;3;3;3;3;3;3;3;3;3;3;2;1;0;0;0;0;0;0;0;0;0;0;0;0;0;0;0;0;0;1a86;0;0;146;1;2;15005;8c;c000;0;129;131;130;132
121,856;1631112761,000;1;236;3;3;3;3;3;3;3;3;3;3;3;3;3;3;3;2;1;0;0;0;0;0;0;0;0;0;0;0;0;0;0;0;0;0;2286;0;0;147;1;2;15005;8c;c000;0;133;135;134;137
122,368;1631112761,000;1;238;3;3;3;3;3;3;3;3;3;3;3;3;3;3;3;2;1;0;0;0;0;0;0;0;0;0;0;0;0;0;0;0;0;0;2a86;0;0;147;1;2;15005;8c;c000;0;138;140;139;142
122,880;1631112762,000;1;238;3;3;3;3;3;3;3;3;3;3;3;3;3;3;3;2;1;0;0;0;0;0;0;0;0;0;0;0;0;0;0;0;0;0;3286;0;0;148;1;2;15005;8c;c000;0;143;145;144;146
123,392;1631112762,000;1;240;3;3;3;3;3;3;3;3;3;3;3;3;3;3;3;2;1;0;0;0;0;0;0;0;0;0;0;0;0;0;0;0;0;0;3a86;0;0;148;1;2;15005;8c;c000;0;147;149;148;151
123,904;1631112763,000;1;240;3;3;3;3;3;3;3;3;3;3;3;3;3;3;3;2;1;0;0;0;0;0;0;0;0;0;0;0;0;0;0;0;0;0;4286;0;0;149;1;2;15005;8c;c000;0;152;154;153;156
124,416;1631112763,000;1;242;3;3;3;3;3;3;3;3;3;3;3;3;3;3;3;2;1;0;0;0;0;0;0;0;0;0;0;0;0;0;0;0;0;0;4a86;0;0;149;1;2;15005;8c;c000;0;157;158;158;160
124,928;1631112764,000;1;242;3;3;3;3;3;3;3;3;3;3;3;3;3;3;3;2;1;0;0;0;0;0;0;0;0;0;0;0;0;0;0;0;0;0;5286;0;0;150;1;2;15005;8c;c000;0;161;163;162;165
125,440;1631112764,000;1;244;3;3;3;3;3;3;3;3;3;3;3;3;3;3;3;2;1;0;0;0;0;0;0;0;0;0;0;0;0;0;0;0;0;0;5a86;0;0;150;1;2;15005;8c;c000;0;166;168;167;170
125,952;1631112765,000;1;244;3;3;3;3;3;3;3;3;3;3;3;3;3;3;3;2;1;0;0;0;0;0;0;0;0;0;0;0;0;0;0;0;0;0;6286;0;0;151;1;2;15005;8c;c000;0;171;172;172;174
126,464;1631112765,000;1;246;3;3;3;3;3;3;3;3;3;3;3;3;3;3;3;2;1;0;0;0;0;0;0;0;0;0;0;0;0;0;0;0;0;0;6a86;0;0;151;1;2;15005;8c;c000;0;175;177;176;179
126,976;1631112766,000;1;246;3;3;3;3;3;3;3;3;3;3;3;3;3;3;3;2;1;0;0;0;0;0;0;0;0;0;0;0;0;0;0;0;0;0;7286;0;0;152;1;2;15005;8c;c000;0;180;182;181;184
127,488;1631112766,000;1;248;3;3;3;3;3;3;3;3;3;3;3;3;3;3;3;2;1;0;0;0;0;0;0;0;0;0;0;0;0;0;0;0;0;0;7a86;0;0;152;1;2;15005;8c;c000;0;185;186;185;188
128,000;1631112767,000;1;248;3;3;3;3;3;3;3;3;3;3;3;3;3;3;3;2;1;0;0;0;0;0;0;0;0;0;0;0;0;0;0;0;0;0;8286;0;0;153;1;2;15005;8c;c000;0;189;191;190;193
128,512;1631112767,000;1;250;3;3;3;3;3;3;3;3;3;3;3;3;3;3;3;2;1;0;0;0;0;0;0;0;0;0;0;0;0;0;0;0;0;0;8a86;0;0;153;1;2;15005;8c;c000;0;194;196;195;198
129,024;1631112768,000;1;250;3;3;3;3;3;3;3;3;3;3;3;3;3;3;3;2;1;0;0;0;0;0;0;0;0;0;0;0;0;0;0;0;0;0;9286;0;0;154;1;2;15005;8c;c000;0;199;200;199;202
129,536;1631112768,000;1;252;3;3;3;3;3;3;3;3;3;3;3;3;3;3;3;2;1;0;0;0;0;0;0;0;0;0;0;0;0;0;0;0;0;0;9a86;0;0;154;1;2;15005;8c;c000;0;203;205;204;207
130,048;1631112769,000;1;252;3;3;3;3;3;3;3;3;3;3;3;3;3;3;3;2;1;0;0;0;0;0;0;0;0;0;0;0;0;0;0;0;0;0;a286;0;0;155;1;2;15005;8c;c000;0;208;210;209;212
130,560;1631112769,000;1;254;3;3;3;3;3;3;3;3;3;3;3;3;3;3;3;2;1;0;0;0;0;0;0;0;0;0;0;0;0;0;0;0;0;0;aa86;0;0;155;1;2;15005;8c;c000;0;213;214;213;216
131,072;1631112770,000;1;254;3;3;3;3;3;3;3;3;3;3;3;3;3;3;3;2;1;0;0;0;0;0;0;0;0;0;0;0;0;0;0;0;0;0;b286;0;0;156;1;2;15005;8c;c000;0;217;219;218;221
131,584;1631112770,000;1;2;3;3;3;3;3;3;3;3;3;3;3;3;3;3;3;2;1;0;0;0;0;0;0;0;0;0;0;0;0;0;0;0;0;0;ba86;0;0;156;1;2;15005;8c;c000;0;222;224;223;225
132,096;1631112771,000;1;2;3;3;3;3;3;3;3;3;3;3;3;3;3;3;3;2;1;0;0;0;0;0;0;0;0;0;0;0;0;0;0;0;0;0;c286;0;0;157;1;2;15005;8c;c000;0;227;228;227;230
132,608;1631112771,000;1;4;3;3;3;3;3;3;3;3;3;3;3;3;3;3;3;2;1;0;0;0;0;0;0;0;0;0;0;0;0;0;0;0;0;0;ca86;0;0;157;1;2;15005;8c;c000;0;231;233;232;235
133,120;1631112772,000;1;4;3;3;3;3;3;3;3;3;3;3;3;3;3;3;3;2;1;0;0;0;0;0;0;0;0;0;0;0;0;0;0;0;0;0;d286;0;0;158;1;2;15005;8c;c000;0;236;238;237;239
133,632;1631112773,000;1;6;3;3;3;3;3;3;3;3;3;3;3;3;3;3;3;2;1;0;0;0;0;0;0;0;0;0;0;0;0;0;0;0;0;0;da86;0;0;158;1;2;15005;8c;c000;0;241;242;241;244
134,144;1631112773,000;1;6;3;3;3;3;3;3;3;3;3;3;3;3;3;3;3;2;1;0;0;0;0;0;0;0;0;0;0;0;0;0;0;0;0;0;e286;0;0;159;1;2;15005;8c;c000;0;245;247;246;249
134,656;1631112774,000;1;8;3;3;3;3;3;3;3;3;3;3;3;3;3;3;3;2;1;0;0;0;0;0;0;0;0;0;0;0;0;0;0;0;0;0;ea86;0;0;159;1;2;15005;8c;c000;0;250;252;251;253
135,168;1631112774,000;1;8;3;3;3;3;3;3;3;3;3;3;3;3;3;3;3;2;1;0;0;0;0;0;0;0;0;0;0;0;0;0;0;0;0;0;f286;0;0;160;1;2;15005;8c;c000;0;255;0;255;2
135,680;1631112775,000;1;10;3;3;3;3;3;3;3;3;3;3;3;3;3;3;3;2;1;0;0;0;0;0;0;0;0;0;0;0;0;0;0;0;0;0;fa84;0;0;160;1;2;15005;8c;c000;0;3;5;4;7
136,192;1631112775,000;1;10;3;3;3;3;3;3;3;3;3;3;3;3;3;3;3;2;1;0;0;0;0;0;0;0;0;0;0;0;0;0;0;0;0;0;284;0;0;161;1;2;15005;8c;c000;0;8;10;9;11
136,704;1631112776,000;1;12;3;3;3;3;3;3;3;3;3;3;3;3;3;3;3;2;1;0;0;0;0;0;0;0;0;0;0;0;0;0;0;0;0;0;a84;0;0;161;1;2;15005;8c;c000;0;12;14;13;16
137,216;1631112776,000;1;12;3;3;3;3;3;3;3;3;3;3;3;3;3;3;3;2;1;0;0;0;0;0;0;0;0;0;0;0;0;0;0;0;0;0;1284;0;0;162;1;2;15005;8c;c000;0;17;19;18;21
137,728;1631112777,000;1;14;3;3;3;3;3;3;3;3;3;3;3;3;3;3;3;2;1;0;0;0;0;0;0;0;0;0;0;0;0;0;0;0;0;0;1a84;0;0;162;1;2;15005;8c;c000;0;22;23;23;25
138,240;1631112777,000;1;14;3;3;3;3;3;3;3;3;3;3;3;3;3;3;3;2;1;0;0;0;0;0;0;0;0;0;0;0;0;0;0;0;0;0;2284;0;0;163;1;2;15005;8c;c000;0;26;28;27;30
138,752;1631112778,000;1;16;3;3;3;3;3;3;3;3;3;3;3;3;3;3;3;2;1;0;0;0;0;0;0;0;0;0;0;0;0;0;0;0;0;0;2a84;0;0;163;1;2;15005;8c;c000;0;31;33;32;35
139,264;1631112778,000;1;16;3;3;3;3;3;3;3;3;3;3;3;3;3;3;3;2;1;0;0;0;0;0;0;0;0;0;0;0;0;0;0;0;0;0;3284;0;0;164;1;2;15005;8c;c000;0;36;37;37;39
139,776;1631112779,000;1;18;3;3;3;3;3;3;3;3;3;3;3;3;3;3;3;2;1;0;0;0;0;0;0;0;0;0;0;0;0;0;0;0;0;0;3a84;0;0;164;1;2;15005;8c;c000;0;40;42;41;44
140,288;1631112779,000;1;18;3;3;3;3;3;3;3;3;3;3;3;3;3;3;3;2;1;0;0;0;0;0;0;0;0;0;0;0;0;0;0;0;0;0;4284;0;0;165;1;2;15005;8c;c000;0;45;47;46;49
140,800;1631112780,000;1;20;3;3;3;3;3;3;3;3;3;3;3;3;3;3;3;2;1;0;0;0;0;0;0;0;0;0;0;0;0;0;0;0;0;0;4a84;0;0;165;1;2;15005;8c;c000;0;50;51;51;53
141,312;1631112780,000;1;20;3;3;3;3;3;3;3;3;3;3;3;3;3;3;3;2;1;0;0;0;0;0;0;0;0;0;0;0;0;0;0;0;0;0;5284;0;0;166;1;2;15005;8c;c000;0;54;56;55;58
141,824;1631112781,000;1;23;3;3;3;3;3;3;3;3;3;3;3;3;3;3;3;2;1;0;0;0;0;0;0;0;0;0;0;0;0;0;0;0;0;0;5a84;0;0;166;1;2;15005;8c;c000;0;59;61;60;63
142,336;1631112781,000;1;23;3;3;3;3;3;3;3;3;3;3;3;3;3;3;3;2;1;0;0;0;0;0;0;0;0;0;0;0;0;0;0;0;0;0;6284;0;0;167;1;2;15005;8c;c000;0;64;65;64;67
142,848;1631112782,000;1;25;3;3;3;3;3;3;3;3;3;3;3;3;3;3;3;2;1;0;0;0;0;0;0;0;0;0;0;0;0;0;0;0;0;0;6a84;0;0;167;1;2;15005;8c;c000;0;68;70;69;72
143,360;1631112782,000;1;25;3;3;3;3;3;3;3;3;3;3;3;3;3;3;3;2;1;0;0;0;0;0;0;0;0;0;0;0;0;0;0;0;0;0;7284;0;0;168;1;2;15005;8c;c000;0;73;75;74;77
143,872;1631112783,000;1;27;3;3;3;3;3;3;3;3;3;3;3;3;3;3;3;2;1;0;0;0;0;0;0;0;0;0;0;0;0;0;0;0;0;0;7a84;0;0;168;1;2;15005;8c;c000;0;78;79;78;81
144,384;1631112783,000;1;27;3;3;3;3;3;3;3;3;3;3;3;3;3;3;3;2;1;0;0;0;0;0;0;0;0;0;0;0;0;0;0;0;0;0;8284;0;0;169;1;2;15005;8c;c000;0;82;84;83;86
144,896;1631112784,000;1;29;3;3;3;3;3;3;3;3;3;3;3;3;3;3;3;2;1;0;0;0;0;0;0;0;0;0;0;0;0;0;0;0;0;0;8a84;0;0;169;1;2;15005;8c;c000;0;87;89;88;90
145,408;1631112784,000;1;29;3;3;3;3;3;3;3;3;3;3;3;3;3;3;3;2;1;0;0;0;0;0;0;0;0;0;0;0;0;0;0;0;0;0;9284;0;0;170;1;2;15005;8c;c000;0;92;93;92;95
145,920;1631112785,000;1;31;3;3;3;3;3;3;3;3;3;3;3;3;3;3;3;2;1;0;0;0;0;0;0;0;0;0;0;0;0;0;0;0;0;0;9a84;0;0;170;1;2;15005;8c;c000;0;96;98;97;100
146,432;1631112785,000;1;31;3;3;3;3;3;3;3;3;3;3;3;3;3;3;3;2;1;0;0;0;0;0;0;0;0;0;0;0;0;0;0;0;0;0;a284;0;0;171;1;2;15005;8c;c000;0;101;103;102;104
146,944;1631112786,000;1;33;3;3;3;3;3;3;3;3;3;3;3;3;3;3;3;2;1;0;0;0;0;0;0;0;0;0;0;0;0;0;0;0;0;0;aa84;0;0;171;1;2;15005;8c;c000;0;106;107;106;109
147,456;1631112786,000;1;33;3;3;3;3;3;3;3;3;3;3;3;3;3;3;3;2;1;0;0;0;0;0;0;0;0;0;0;0;0;0;0;0;0;0;b284;0;0;172;1;2;15005;8c;c000;0;110;112;111;114
147,968;1631112787,000;1;35;3;3;3;3;3;3;3;3;3;3;3;3;3;3;3;2;1;0;0;0;0;0;0;0;0;0;0;0;0;0;0;0;0;0;ba84;0;0;172;1;2;15005;8c;c000;0;115;117;116;118
148,480;1631112787,000;1;35;3;3;3;3;3;3;3;3;3;3;3;3;3;3;3;2;1;0;0;0;0;0;0;0;0;0;0;0;0;0;0;0;0;0;c284;0;0;173;1;2;15005;8c;c000;0;120;121;120;123
148,992;1631112788,000;1;37;3;3;3;3;3;3;3;3;3;3;3;3;3;3;3;2;1;0;0;0;0;0;0;0;0;0;0;0;0;0;0;0;0;0;ca84;0;0;173;1;2;15005;8c;c000;0;124;126;125;128
149,504;1631112788,000;1;37;3;3;3;3;3;3;3;3;3;3;3;3;3;3;3;2;1;0;0;0;0;0;0;0;0;0;0;0;0;0;0;0;0;0;d284;0;0;174;1;2;15005;8c;c000;0;129;131;130;132
150,016;1631112789,000;1;39;3;3;3;3;3;3;3;3;3;3;3;3;3;3;3;2;1;0;0;0;0;0;0;0;0;0;0;0;0;0;0;0;0;0;da84;0;0;174;1;2;15005;8c;c000;0;133;135;134;137
150,528;1631112789,000;1;39;3;3;3;3;3;3;3;3;3;3;3;3;3;3;3;2;1;0;0;0;0;0;0;0;0;0;0;0;0;0;0;0;0;0;e284;0;0;175;1;2;15005;8c;c000;0;138;140;139;142
151,040;1631112790,000;1;41;3;3;3;3;3;3;3;3;3;3;3;3;3;3;3;2;1;0;0;0;0;0;0;0;0;0;0;0;0;0;0;0;0;0;ea84;0;0;175;1;2;15005;8c;c000;0;143;145;144;146
151,552;1631112790,000;1;41;3;3;3;3;3;3;3;3;3;3;3;3;3;3;3;2;1;0;0;0;0;0;0;0;0;0;0;0;0;0;0;0;0;0;f284;0;0;176;1;2;15005;8c;c000;0;147;149;148;151
152,064;1631112791,000;1;43;3;3;3;3;3;3;3;3;3;3;3;3;3;3;3;2;1;0;0;0;0;0;0;0;0;0;0;0;0;0;0;0;0;0;fa86;0;0;176;1;2;15005;8c;c000;0;152;154;153;156
152,576;1631112791,000;1;43;3;3;3;3;3;3;3;3;3;3;3;3;3;3;3;2;1;0;0;0;0;0;0;0;0;0;0;0;0;0;0;0;0;0;286;0;0;177;1;2;15005;8c;c000;0;157;158;158;160
153,088;1631112792,000;1;45;3;3;3;3;3;3;3;3;3;3;3;3;3;3;3;2;1;0;0;0;0;0;0;0;0;0;0;0;0;0;0;0;0;0;a86;0;0;177;1;2;15005;8c;c000;0;161;163;162;165
153,600;1631112792,000;1;45;3;3;3;3;3;3;3;3;3;3;3;3;3;3;3;2;1;0;0;0;0;0;0;0;0;0;0;0;0;0;0;0;0;0;1286;0;0;178;1;2;15005;8c;c000;0;166;168;167;170
154,112;1631112793,000;1;47;3;3;3;3;3;3;3;3;3;3;3;3;3;3;3;2;1;0;0;0;0;0;0;0;0;0;0;0;0;0;0;0;0;0;1a86;0;0;178;1;2;15005;8c;c000;0;171;172;172;174
154,624;1631112793,000;1;47;3;3;3;3;3;3;3;3;3;3;3;3;3;3;3;2;1;0;0;0;0;0;0;0;0;0;0;0;0;0;0;0;0;0;2286;0;0;179;1;2;15005;8c;c000;0;175;177;176;179
155,136;1631112794,000;1;49;3;3;3;3;3;3;3;3;3;3;3;3;3;3;3;2;1;0;0;0;0;0;0;0;0;0;0;0;0;0;0;0;0;0;2a86;0;0;179;1;2;15005;8c;c000;0;180;182;181;184
155,648;1631112795,000;1;49;3;3;3;3;3;3;3;3;3;3;3;3;3;3;3;2;1;0;0;0;0;0;0;0;0;0;0;0;0;0;0;0;0;0;3286;0;0;180;1;2;15005;8c;c000;0;185;186;185;188
156,160;1631112795,000;1;51;3;3;3;3;3;3;3;3;3;3;3;3;3;3;3;2;1;0;0;0;0;0;0;0;0;0;0;0;0;0;0;0;0;0;3a86;0;0;180;1;2;15005;8c;c000;0;189;191;190;193
156,672;1631112796,000;1;51;3;3;3;3;3;3;3;3;3;3;3;3;3;3;3;2;1;0;0;0;0;0;0;0;0;0;0;0;0;0;0;0;0;0;4286;0;0;181;1;2;15005;8c;c000;0;194;196;195;198
157,184;1631112796,000;1;53;3;3;3;3;3;3;3;3;3;3;3;3;3;3;3;2;1;0;0;0;0;0;0;0;0;0;0;0;0;0;0;0;0;0;4a86;0;0;181;1;2;15005;8c;c000;0;199;200;199;202
157,696;1631112797,000;1;53;3;3;3;3;3;3;3;3;3;3;3;3;3;3;3;2;1;0;0;0;0;0;0;0;0;0;0;0;0;0;0;0;0;0;5286;0;0;182;1;2;15005;8c;c000;0;203;205;204;207
158,208;1631112797,000;1;55;3;3;3;3;3;3;3;3;3;3;3;3;3;3;3;2;1;0;0;0;0;0;0;0;0;0;0;0;0;0;0;0;0;0;5a86;0;0;182;1;2;15005;8c;c000;0;208;210;209;212
158,720;1631112798,000;1;55;3;3;3;3;3;3;3;3;3;3;3;3;3;3;3;2;1;0;0;0;0;0;0;0;0;0;0;0;0;0;0;0;0;0;6286;0;0;183;1;2;15005;8c;c000;0;213;214;213;216
159,232;1631112798,000;1;57;3;3;3;3;3;3;3;3;3;3;3;3;3;3;3;2;1;0;0;0;0;0;0;0;0;0;0;0;0;0;0;0;0;0;6a86;0;0;183;1;2;15005;8c;c000;0;217;219;218;221
159,744;1631112799,000;1;57;3;3;3;3;3;3;3;3;3;3;3;3;3;3;3;2;1;0;0;0;0;0;0;0;0;0;0;0;0;0;0;0;0;0;7286;0;0;184;1;2;15005;8c;c000;0;222;224;223;225
160,256;1631112799,000;1;59;3;3;3;3;3;3;3;3;3;3;3;3;3;3;3;2;1;0;0;0;0;0;0;0;0;0;0;0;0;0;0;0;0;0;7a86;0;0;184;1;2;15005;8c;c000;0;227;228;227;230
160,768;1631112800,000;1;59;3;3;3;3;3;3;3;3;3;3;3;3;3;3;3;2;1;0;0;0;0;0;0;0;0;0;0;0;0;0;0;0;0;0;8286;0;0;185;1;2;15005;8c;c000;0;231;233;232;235
161,280;1631112800,000;1;61;3;3;3;3;3;3;3;3;3;3;3;3;3;3;3;2;1;0;0;0;0;0;0;0;0;0;0;0;0;0;0;0;0;0;8a86;0;0;185;1;2;15005;8c;c000;0;236;238;237;239
161,792;1631112801,000;1;61;3;3;3;3;3;3;3;3;3;3;3;3;3;3;3;2;1;0;0;0;0;0;0;0;0;0;0;0;0;0;0;0;0;0;9286;0;0;186;1;2;15005;8c;c000;0;241;242;241;244
162,304;1631112801,000;1;63;3;3;3;3;3;3;3;3;3;3;3;3;3;3;3;2;1;0;0;0;0;0;0;0;0;0;0;0;0;0;0;0;0;0;9a86;0;0;186;1;2;15005;8c;c000;0;245;247;246;249
162,816;1631112802,000;1;63;3;3;3;3;3;3;3;3;3;3;3;3;3;3;3;2;1;0;0;0;0;0;0;0;0;0;0;0;0;0;0;0;0;0;a286;0;0;187;1;2;15005;8c;c000;0;250;252;251;253
163,328;1631112802,000;1;65;3;3;3;3;3;3;3;3;3;3;3;3;3;3;3;2;1;0;0;0;0;0;0;0;0;0;0;0;0;0;0;0;0;0;aa86;0;0;187;1;2;15005;8c;c000;0;255;0;255;2
163,840;1631112803,000;1;65;3;3;3;3;3;3;3;3;3;3;3;3;3;3;3;2;1;0;0;0;0;0;0;0;0;0;0;0;0;0;0;0;0;0;b286;0;0;188;1;2;15005;8c;c000;0;3;5;4;7
164,352;1631112803,000;1;67;3;3;3;3;3;3;3;3;3;3;3;3;3;3;3;2;1;0;0;0;0;0;0;0;0;0;0;0;0;0;0;0;0;0;ba86;0;0;188;1;2;15005;8c;c000;0;8;10;9;11
164,864;1631112804,000;1;67;3;3;3;3;3;3;3;3;3;3;3;3;3;3;3;2;1;0;0;0;0;0;0;0;0;0;0;0;0;0;0;0;0;0;c286;0;0;189;1;2;15005;8c;c000;0;12;14;13;16
165,376;1631112804,000;1;69;3;3;3;3;3;3;3;3;3;3;3;3;3;3;3;2;1;0;0;0;0;0;0;0;0;0;0;0;0;0;0;0;0;0;ca86;0;0;189;1;2;15005;8c;c000;0;17;19;18;21
165,888;1631112805,000;1;69;3;3;3;3;3;3;3;3;3;3;3;3;3;3;3;2;1;0;0;0;0;0;0;0;0;0;0;0;0;0;0;0;0;0;d286;0;0;190;1;2;15005;8c;c000;0;22;24;23;25
166,400;1631112805,000;1;72;3;3;3;3;3;3;3;3;3;3;3;3;3;3;3;2;1;0;0;0;0;0;0;0;0;0;0;0;0;0;0;0;0;0;da86;0;0;190;1;2;15005;8c;c000;0;26;28;27;30
166,912;1631112806,000;1;72;3;3;3;3;3;3;3;3;3;3;3;3;3;3;3;2;1;0;0;0;0;0;0;0;0;0;0;0;0;0;0;0;0;0;e286;0;0;191;1;2;15005;8c;c000;0;31;33;32;35
167,424;1631112806,000;1;74;3;3;3;3;3;3;3;3;3;3;3;3;3;3;3;2;1;0;0;0;0;0;0;0;0;0;0;0;0;0;0;0;0;0;ea86;0;0;191;1;2;15005;8c;c000;0;36;37;37;39
167,936;1631112807,000;1;74;3;3;3;3;3;3;3;3;3;3;3;3;3;3;3;2;1;0;0;0;0;0;0;0;0;0;0;0;0;0;0;0;0;0;f286;0;0;192;1;2;15005;8c;c000;0;40;42;41;44
168,448;1631112807,000;1;76;3;3;3;3;3;3;3;3;3;3;3;3;3;3;3;2;1;0;0;0;0;0;0;0;0;0;0;0;0;0;0;0;0;0;fa84;0;0;192;1;2;15005;8c;c000;0;45;47;46;49
168,960;1631112808,000;1;76;3;3;3;3;3;3;3;3;3;3;3;3;3;3;3;2;1;0;0;0;0;0;0;0;0;0;0;0;0;0;0;0;0;0;284;0;0;193;1;2;15005;8c;c000;0;50;51;51;53
169,472;1631112808,000;1;78;3;3;3;3;3;3;3;3;3;3;3;3;3;3;3;2;1;0;0;0;0;0;0;0;0;0;0;0;0;0;0;0;0;0;a84;0;0;193;1;2;15005;8c;c000;0;54;56;55;58
169,984;1631112809,000;1;78;3;3;3;3;3;3;3;3;3;3;3;3;3;3;3;2;1;0;0;0;0;0;0;0;0;0;0;0;0;0;0;0;0;0;1284;0;0;194;1;2;15005;8c;c000;0;59;61;60;63
170,496;1631112809,000;1;80;3;3;3;3;3;3;3;3;3;3;3;3;3;3;3;2;1;0;0;0;0;0;0;0;0;0;0;0;0;0;0;0;0;0;1a84;0;0;194;1;2;15005;8c;c000;0;64;65;64;67
171,008;1631112810,000;1;80;3;3;3;3;3;3;3;3;3;3;3;3;3;3;3;2;1;0;0;0;0;0;0;0;0;0;0;0;0;0;0;0;0;0;2284;0;0;195;1;2;15005;8c;c000;0;68;70;69;72
171,520;1631112810,000;1;82;3;3;3;3;3;3;3;3;3;3;3;3;3;3;3;2;1;0;0;0;0;0;0;0;0;0;0;0;0;0;0;0;0;0;2a84;0;0;195;1;2;15005;8c;c000;0;73;75;74;77
172,032;1631112811,000;1;82;3;3;3;3;3;3;3;3;3;3;3;3;3;3;3;2;1;0;0;0;0;0;0;0;0;0;0;0;0;0;0;0;0;0;3284;0;0;196;1;2;15005;8c;c000;0;78;79;78;81
172,544;1631112811,000;1;84;3;3;3;3;3;3;3;3;3;3;3;3;3;3;3;2;1;0;0;0;0;0;0;0;0;0;0;0;0;0;0;0;0;0;3a84;0;0;196;1;2;15005;8c;c000;0;82;84;83;86
173,056;1631112812,000;1;84;3;3;3;3;3;3;3;3;3;3;3;3;3;3;3;2;1;0;0;0;0;0;0;0;0;0;0;0;0;0;0;0;0;0;4284;0;0;197;1;2;15005;8c;c000;0;87;89;88;90
173,568;1631112812,000;1;86;3;3;3;3;3;3;3;3;3;3;3;3;3;3;3;2;1;0;0;0;0;0;0;0;0;0;0;0;0;0;0;0;0;0;4a84;0;0;197;1;2;15005;8c;c000;0;92;93;92;95
174,080;1631112813,000;1;86;3;3;3;3;3;3;3;3;3;3;3;3;3;3;3;2;1;0;0;0;0;0;0;0;0;0;0;0;0;0;0;0;0;0;5284;0;0;198;1;2;15005;8c;c000;0;96;98;97;100
174,592;1631112813,000;1;88;3;3;3;3;3;3;3;3;3;3;3;3;3;3;3;2;1;0;0;0;0;0;0;0;0;0;0;0;0;0;0;0;0;0;5a84;0;0;198;1;2;15005;8c;c000;0;101;103;102;104
175,104;1631112814,000;1;88;3;3;3;3;3;3;3;3;3;3;3;3;3;3;3;2;1;0;0;0;0;0;0;0;0;0;0;0;0;0;0;0;0;0;6284;0;0;199;1;2;15005;8c;c000;0;106;107;106;109
175,616;1631112814,000;1;90;3;3;3;3;3;3;3;3;3;3;3;3;3;3;3;2;1;0;0;0;0;0;0;0;0;0;0;0;0;0;0;0;0;0;6a84;0;0;199;1;2;15005;8c;c000;0;110;112;111;114
176,128;1631112815,000;1;90;3;3;3;3;3;3;3;3;3;3;3;3;3;3;3;2;1;0;0;0;0;0;0;0;0;0;0;0;0;0;0;0;0;0;7284;0;0;200;1;2;15005;8c;c000;0;115;117;116;118
176,640;1631112816,000;1;92;3;3;3;3;3;3;3;3;3;3;3;3;3;3;3;2;1;0;0;0;0;0;0;0;0;0;0;0;0;0;0;0;0;0;7a84;0;0;200;1;2;15005;8c;c000;0;120;121;120;123
177,152;1631112816,000;1;92;3;3;3;3;3;3;3;3;3;3;3;3;3;3;3;2;1;0;0;0;0;0;0;0;0;0;0;0;0;0;0;0;0;0;8284;0;0;201;1;2;15005;8c;c000;0;124;126;125;128
177,664;1631112817,000;1;94;3;3;3;3;3;3;3;3;3;3;3;3;3;3;3;2;1;0;0;0;0;0;0;0;0;0;0;0;0;0;0;0;0;0;8a84;0;0;201;1;2;15005;8c;c000;0;129;131;130;132
178,176;1631112817,000;1;94;3;3;3;3;3;3;3;3;3;3;3;3;3;3;3;2;1;0;0;0;0;0;0;0;0;0;0;0;0;0;0;0;0;0;9284;0;0;202;1;2;15005;8c;c000;0;133;135;134;137
178,688;1631112818,000;1;96;3;3;3;3;3;3;3;3;3;3;3;3;3;3;3;2;1;0;0;0;0;0;0;0;0;0;0;0;0;0;0;0;0;0;9a84;0;0;202;1;2;15005;8c;c000;0;138;140;139;142
179,200;1631112818,000;1;96;3;3;3;3;3;3;3;3;3;3;3;3;3;3;3;2;1;0;0;0;0;0;0;0;0;0;0;0;0;0;0;0;0;0;a284;0;0;203;1;2;15005;8c;c000;0;143;145;144;146
179,712;1631112819,000;1;98;3;3;3;3;3;3;3;3;3;3;3;3;3;3;3;2;1;0;0;0;0;0;0;0;0;0;0;0;0;0;0;0;0;0;aa84;0;0;203;1;2;15005;8c;c000;0;147;149;148;151
180,224;1631112819,000;1;98;3;3;3;3;3;3;3;3;3;3;3;3;3;3;3;2;1;0;0;0;0;0;0;0;0;0;0;0;0;0;0;0;0;0;b284;0;0;204;1;2;15005;8c;c000;0;152;154;153;156
180,736;1631112820,000;1;100;3;3;3;3;3;3;3;3;3;3;3;3;3;3;3;2;1;0;0;0;0;0;0;0;0;0;0;0;0;0;0;0;0;0;ba84;0;0;204;1;2;15005;8c;c000;0;157;158;158;160
181,248;1631112820,000;1;100;3;3;3;3;3;3;3;3;3;3;3;3;3;3;3;2;1;0;0;0;0;0;0;0;0;0;0;0;0;0;0;0;0;0;c284;0;0;205;1;2;15005;8c;c000;0;161;163;162;165
181,760;1631112821,000;1;102;3;3;3;3;3;3;3;3;3;3;3;3;3;3;3;2;1;0;0;0;0;0;0;0;0;0;0;0;0;0;0;0;0;0;ca84;0;0;205;1;2;15005;8c;c000;0;166;168;167;170
182,272;1631112821,000;1;102;3;3;3;3;3;3;3;3;3;3;3;3;3;3;3;2;1;0;0;0;0;0;0;0;0;0;0;0;0;0;0;0;0;0;d284;0;0;206;1;2;15005;8c;c000;0;171;172;172;174
182,784;1631112822,000;1;104;3;3;3;3;3;3;3;3;3;3;3;3;3;3;3;2;1;0;0;0;0;0;0;0;0;0;0;0;0;0;0;0;0;0;da84;0;0;206;1;2;15005;8c;c000;0;175;177;176;179
183,296;1631112822,000;1;104;3;3;3;3;3;3;3;3;3;3;3;3;3;3;3;2;1;0;0;0;0;0;0;0;0;0;0;0;0;0;0;0;0;0;e284;0;0;207;1;2;15005;8c;c000;0;180;182;181;184
183,808;1631112823,000;1;106;3;3;3;3;3;3;3;3;3;3;3;3;3;3;3;2;1;0;0;0;0;0;0;0;0;0;0;0;0;0;0;0;0;0;ea84;0;0;207;1;2;15005;8c;c000;0;185;186;185;188
184,320;1631112823,000;1;106;3;3;3;3;3;3;3;3;3;3;3;3;3;3;3;2;1;0;0;0;0;0;0;0;0;0;0;0;0;0;0;0;0;0;f284;0;0;208;1;2;15005;8c;c000;0;189;191;190;193
184,832;1631112824,000;1;108;3;3;3;3;3;3;3;3;3;3;3;3;3;3;3;2;1;0;0;0;0;0;0;0;0;0;0;0;0;0;0;0;0;0;fa86;0;0;208;1;2;15005;8c;c000;0;194;196;195;198
185,344;1631112824,000;1;108;3;3;3;3;3;3;3;3;3;3;3;3;3;3;3;2;1;0;0;0;0;0;0;0;0;0;0;0;0;0;0;0;0;0;286;0;0;209;1;2;15005;8c;c000;0;199;200;199;202
185,856;1631112825,000;1;110;3;3;3;3;3;3;3;3;3;3;3;3;3;3;3;2;1;0;0;0;0;0;0;0;0;0;0;0;0;0;0;0;0;0;a86;0;0;209;1;2;15005;8c;c000;0;203;205;204;207
186,368;1631112825,000;1;110;3;3;3;3;3;3;3;3;3;3;3;3;3;3;3;2;1;0;0;0;0;0;0;0;0;0;0;0;0;0;0;0;0;0;1286;0;0;210;1;2;15005;8c;c000;0;208;210;209;212
186,880;1631112826,000;1;112;3;3;3;3;3;3;3;3;3;3;3;3;3;3;3;2;1;0;0;0;0;0;0;0;0;0;0;0;0;0;0;0;0;0;1a86;0;0;210;1;2;15005;8c;c000;0;213;214;213;216
187,392;1631112826,000;1;112;3;3;3;3;3;3;3;3;3;3;3;3;3;3;3;2;1;0;0;0;0;0;0;0;0;0;0;0;0;0;0;0;0;0;2286;0;0;211;1;2;15005;8c;c000;0;217;219;218;221
187,904;1631112827,000;1;114;3;3;3;3;3;3;3;3;3;3;3;3;3;3;3;2;1;0;0;0;0;0;0;0;0;0;0;0;0;0;0;0;0;0;2a86;0;0;211;1;2;15005;8c;c000;0;222;224;223;225
188,416;1631112827,000;1;114;3;3;3;3;3;3;3;3;3;3;3;3;3;3;3;2;1;0;0;0;0;0;0;0;0;0;0;0;0;0;0;0;0;0;3286;0;0;212;1;2;15005;8c;c000;0;227;228;227;230
188,928;1631112828,000;1;116;3;3;3;3;3;3;3;3;3;3;3;3;3;3;3;2;1;0;0;0;0;0;0;0;0;0;0;0;0;0;0;0;0;0;3a86;0;0;212;1;2;15005;8c;c000;0;231;233;232;235
189,440;1631112828,000;1;116;3;3;3;3;3;3;3;3;3;3;3;3;3;3;3;2;1;0;0;0;0;0;0;0;0;0;0;0;0;0;0;0;0;0;4286;0;0;213;1;2;15005;8c;c000;0;236;238;237;239
189,952;1631112829,000;1;119;3;3;3;3;3;3;3;3;3;3;3;3;3;3;3;2;1;0;0;0;0;0;0;0;0;0;0;0;0;0;0;0;0;0;4a86;0;0;213;1;2;15005;8c;c000;0;241;242;241;244
190,464;1631112829,000;1;119;3;3;3;3;3;3;3;3;3;3;3;3;3;3;3;2;1;0;0;0;0;0;0;0;0;0;0;0;0;0;0;0;0;0;5286;0;0;214;1;2;15005;8c;c000;0;245;247;246;249
190,976;1631112830,000;1;121;3;3;3;3;3;3;3;3;3;3;3;3;3;3;3;2;1;0;0;0;0;0;0;0;0;0;0;0;0;0;0;0;0;0;5a86;0;0;214;1;2;15005;8c;c000;0;250;252;251;253
191,488;1631112830,000;1;121;3;3;3;3;3;3;3;3;3;3;3;3;3;3;3;2;1;0;0;0;0;0;0;0;0;0;0;0;0;0;0;0;0;0;6286;0;0;215;1;2;15005;8c;c000;0;255;0;255;2
192,000;1631112831,000;1;123;3;3;3;3;3;3;3;3;3;3;3;3;3;3;3;2;1;0;0;0;0;0;0;0;0;0;0;0;0;0;0;0;0;0;6a86;0;0;215;1;2;15005;8c;c000;0;3;5;4;7
192,512;1631112831,000;1;123;3;3;3;3;3;3;3;3;3;3;3;3;3;3;3;2;1;0;0;0;0;0;0;0;0;0;0;0;0;0;0;0;0;0;7286;0;0;216;1;2;15005;8c;c000;0;8;10;9;11
193,024;1631112832,000;1;125;3;3;3;3;3;3;3;3;3;3;3;3;3;3;3;2;1;0;0;0;0;0;0;0;0;0;0;0;0;0;0;0;0;0;7a86;0;0;216;1;2;15005;8c;c000;0;12;14;13;16
193,536;1631112832,000;1;125;3;3;3;3;3;3;3;3;3;3;3;3;3;3;3;2;1;0;0;0;0;0;0;0;0;0;0;0;0;0;0;0;0;0;8286;0;0;217;1;2;15005;8c;c000;0;17;19;18;21
194,048;1631112833,000;1;127;3;3;3;3;3;3;3;3;3;3;3;3;3;3;3;2;1;0;0;0;0;0;0;0;0;0;0;0;0;0;0;0;0;0;8a86;0;0;217;1;2;15005;8c;c000;0;22;23;23;25
194,560;1631112833,000;1;127;3;3;3;3;3;3;3;3;3;3;3;3;3;3;3;2;1;0;0;0;0;0;0;0;0;0;0;0;0;0;0;0;0;0;9286;0;0;218;1;2;15005;8c;c000;0;26;28;27;30
195,072;1631112834,000;1;129;3;3;3;3;3;3;3;3;3;3;3;3;3;3;3;2;1;0;0;0;0;0;0;0;0;0;0;0;0;0;0;0;0;0;9a86;0;0;218;1;2;15005;8c;c000;0;31;33;32;35
195,584;1631112834,000;1;129;3;3;3;3;3;3;3;3;3;3;3;3;3;3;3;2;1;0;0;0;0;0;0;0;0;0;0;0;0;0;0;0;0;0;a286;0;0;219;1;2;15005;8c;c000;0;36;37;37;39
196,096;1631112835,000;1;131;3;3;3;3;3;3;3;3;3;3;3;3;3;3;3;2;1;0;0;0;0;0;0;0;0;0;0;0;0;0;0;0;0;0;aa86;0;0;219;1;2;15005;8c;c000;0;40;42;41;44
196,608;1631112835,000;1;131;3;3;3;3;3;3;3;3;3;3;3;3;3;3;3;2;1;0;0;0;0;0;0;0;0;0;0;0;0;0;0;0;0;0;b286;0;0;220;1;2;15005;8c;c000;0;45;47;46;49
197,120;1631112836,000;1;133;3;3;3;3;3;3;3;3;3;3;3;3;3;3;3;2;1;0;0;0;0;0;0;0;0;0;0;0;0;0;0;0;0;0;ba86;0;0;220;1;2;15005;8c;c000;0;50;51;51;53
197,632;1631112837,000;1;133;3;3;3;3;3;3;3;3;3;3;3;3;3;3;3;2;1;0;0;0;0;0;0;0;0;0;0;0;0;0;0;0;0;0;c286;0;0;221;1;2;15005;8c;c000;0;54;56;55;58
198,144;1631112837,000;1;135;3;3;3;3;3;3;3;3;3;3;3;3;3;3;3;2;1;0;0;0;0;0;0;0;0;0;0;0;0;0;0;0;0;0;ca86;0;0;221;1;2;15005;8c;c000;0;59;61;60;63
198,656;1631112838,000;1;135;3;3;3;3;3;3;3;3;3;3;3;3;3;3;3;2;1;0;0;0;0;0;0;0;0;0;0;0;0;0;0;0;0;0;d286;0;0;222;1;2;15005;8c;c000;0;64;65;64;67
199,168;1631112838,000;1;137;3;3;3;3;3;3;3;3;3;3;3;3;3;3;3;2;1;0;0;0;0;0;0;0;0;0;0;0;0;0;0;0;0;0;da86;0;0;222;1;2;15005;8c;c000;0;68;70;69;72
199,680;1631112839,000;1;137;3;3;3;3;3;3;3;3;3;3;3;3;3;3;3;2;1;0;0;0;0;0;0;0;0;0;0;0;0;0;0;0;0;0;e286;0;0;223;1;2;15005;8c;c000;0;73;75;74;77
200,192;1631112839,000;1;139;3;3;3;3;3;3;3;3;3;3;3;3;3;3;3;2;1;0;0;0;0;0;0;0;0;0;0;0;0;0;0;0;0;0;ea86;0;0;223;1;2;15005;8c;c000;0;78;79;78;81
200,704;1631112840,000;1;139;3;3;3;3;3;3;3;3;3;3;3;3;3;3;3;2;1;0;0;0;0;0;0;0;0;0;0;0;0;0;0;0;0;0;f286;0;0;224;1;2;15005;8c;c000;0;82;84;83;86
201,216;1631112840,000;1;141;3;3;3;3;3;3;3;3;3;3;3;3;3;3;3;2;1;0;0;0;0;0;0;0;0;0;0;0;0;0;0;0;0;0;fa84;0;0;224;1;2;15005;8c;c000;0;87;89;88;90
201,728;1631112841,000;1;141;3;3;3;3;3;3;3;3;3;3;3;3;3;3;3;2;1;0;0;0;0;0;0;0;0;0;0;0;0;0;0;0;0;0;284;0;0;225;1;2;15005;8c;c000;0;92;93;92;95
202,240;1631112841,000;1;143;3;3;3;3;3;3;3;3;3;3;3;3;3;3;3;2;1;0;0;0;0;0;0;0;0;0;0;0;0;0;0;0;0;0;a84;0;0;225;1;2;15005;8c;c000;0;96;98;97;100
202,752;1631112842,000;1;143;3;3;3;3;3;3;3;3;3;3;3;3;3;3;3;2;1;0;0;0;0;0;0;0;0;0;0;0;0;0;0;0;0;0;1284;0;0;226;1;2;15005;8c;c000;0;101;103;102;104
203,264;1631112842,000;1;145;3;3;3;3;3;3;3;3;3;3;3;3;3;3;3;2;1;0;0;0;0;0;0;0;0;0;0;0;0;0;0;0;0;0;1a84;0;0;226;1;2;15005;8c;c000;0;106;107;106;109
203,776;1631112843,000;1;145;3;3;3;3;3;3;3;3;3;3;3;3;3;3;3;2;1;0;0;0;0;0;0;0;0;0;0;0;0;0;0;0;0;0;2284;0;0;227;1;2;15005;8c;c000;0;110;112;111;114
204,288;1631112843,000;1;147;3;3;3;3;3;3;3;3;3;3;3;3;3;3;3;2;1;0;0;0;0;0;0;0;0;0;0;0;0;0;0;0;0;0;2a84;0;0;227;1;2;15005;8c;c000;0;115;117;116;118
204,800;1631112844,000;1;147;3;3;3;3;3;3;3;3;3;3;3;3;3;3;3;2;1;0;0;0;0;0;0;0;0;0;0;0;0;0;0;0;0;0;3284;0;0;228;1;2;15005;8c;c000;0;120;121;120;123
205,312;1631112844,000;1;149;3;3;3;3;3;3;3;3;3;3;3;3;3;3;3;2;1;0;0;0;0;0;0;0;0;0;0;0;0;0;0;0;0;0;3a84;0;0;228;1;2;15005;8c;c000;0;124;126;125;128
205,824;1631112845,000;1;149;3;3;3;3;3;3;3;3;3;3;3;3;3;3;3;2;1;0;0;0;0;0;0;0;0;0;0;0;0;0;0;0;0;0;4284;0;0;229;1;2;15005;8c;c000;0;129;131;130;132
206,336;1631112845,000;1;151;3;3;3;3;3;3;3;3;3;3;3;3;3;3;3;2;1;0;0;0;0;0;0;0;0;0;0;0;0;0;0;0;0;0;4a84;0;0;229;1;2;15005;8c;c000;0;133;135;134;137
206,848;1631112846,000;1;151;3;3;3;3;3;3;3;3;3;3;3;3;3;3;3;2;1;0;0;0;0;0;0;0;0;0;0;0;0;0;0;0;0;0;5284;0;0;230;1;2;15005;8c;c000;0;138;140;139;142
207,360;1631112846,000;1;153;3;3;3;3;3;3;3;3;3;3;3;3;3;3;3;2;1;0;0;0;0;0;0;0;0;0;0;0;0;0;0;0;0;0;5a84;0;0;230;1;2;15005;8c;c000;0;143;145;144;146
207,872;1631112847,000;1;153;3;3;3;3;3;3;3;3;3;3;3;3;3;3;3;2;1;0;0;0;0;0;0;0;0;0;0;0;0;0;0;0;0;0;6284;0;0;231;1;2;15005;8c;c000;0;147;149;148;151
208,384;1631112847,000;1;155;3;3;3;3;3;3;3;3;3;3;3;3;3;3;3;2;1;0;0;0;0;0;0;0;0;0;0;0;0;0;0;0;0;0;6a84;0;0;231;1;2;15005;8c;c000;0;152;154;153;156
208,896;1631112848,000;1;155;3;3;3;3;3;3;3;3;3;3;3;3;3;3;3;2;1;0;0;0;0;0;0;0;0;0;0;0;0;0;0;0;0;0;7284;0;0;232;1;2;15005;8c;c000;0;157;158;158;160
209,408;1631112848,000;1;157;3;3;3;3;3;3;3;3;3;3;3;3;3;3;3;2;1;0;0;0;0;0;0;0;0;0;0;0;0;0;0;0;0;0;7a84;0;0;232;1;2;15005;8c;c000;0;161;163;162;165
209,920;1631112849,000;1;157;3;3;3;3;3;3;3;3;3;3;3;3;3;3;3;2;1;0;0;0;0;0;0;0;0;0;0;0;0;0;0;0;0;0;8284;0;0;233;1;2;15005;8c;c000;0;166;168;167;170
210,432;1631112849,000;1;159;3;3;3;3;3;3;3;3;3;3;3;3;3;3;3;2;1;0;0;0;0;0;0;0;0;0;0;0;0;0;0;0;0;0;8a84;0;0;233;1;2;15005;8c;c000;0;171;172;172;174
210,944;1631112850,000;1;159;3;3;3;3;3;3;3;3;3;3;3;3;3;3;3;2;1;0;0;0;0;0;0;0;0;0;0;0;0;0;0;0;0;0;9284;0;0;234;1;2;15005;8c;c000;0;175;177;176;179
211,456;1631112850,000;1;161;3;3;3;3;3;3;3;3;3;3;3;3;3;3;3;2;1;0;0;0;0;0;0;0;0;0;0;0;0;0;0;0;0;0;9a84;0;0;234;1;2;15005;8c;c000;0;180;182;181;184
211,968;1631112851,000;1;161;3;3;3;3;3;3;3;3;3;3;3;3;3;3;3;2;1;0;0;0;0;0;0;0;0;0;0;0;0;0;0;0;0;0;a284;0;0;235;1;2;15005;8c;c000;0;185;186;185;188
212,480;1631112851,000;1;163;3;3;3;3;3;3;3;3;3;3;3;3;3;3;3;2;1;0;0;0;0;0;0;0;0;0;0;0;0;0;0;0;0;0;aa84;0;0;235;1;2;15005;8c;c000;0;189;191;190;193
212,992;1631112852,000;1;163;3;3;3;3;3;3;3;3;3;3;3;3;3;3;3;2;1;0;0;0;0;0;0;0;0;0;0;0;0;0;0;0;0;0;b284;0;0;236;1;2;15005;8c;c000;0;194;196;195;198
213,504;1631112852,000;1;165;3;3;3;3;3;3;3;3;3;3;3;3;3;3;3;2;1;0;0;0;0;0;0;0;0;0;0;0;0;0;0;0;0;0;b684;0;0;236;1;2;15005;8c;c000;0;199;200;199;202
214,016;1631112852,000;1;165;3;3;3;3;3;3;3;3;3;3;3;3;3;3;3;2;1;0;0;0;0;0;0;0;0;0;0;0;0;0;0;0;0;0;b684;0;0;236;1;2;15005;8c;c000;0;199;200;199;202
214,528;1631112852,000;1;165;3;3;3;3;3;3;3;3;3;3;3;3;3;3;3;2;1;0;0;0;0;0;0;0;0;0;0;0;0;0;0;0;0;0;b684;0;0;236;1;2;15005;8c;c000;0;199;200;199;202
215,040;1631112852,000;1;165;3;3;3;3;3;3;3;3;3;3;3;3;3;3;3;2;1;0;0;0;0;0;0;0;0;0;0;0;0;0;0;0;0;0;b684;0;0;236;1;2;15005;8c;c000;0;199;200;199;202
215,552;1631112852,000;1;165;3;3;3;3;3;3;3;3;3;3;3;3;3;3;3;2;1;0;0;0;0;0;0;0;0;0;0;0;0;0;0;0;0;0;b684;0;0;236;1;2;15005;8c;c000;0;199;200;199;202
216,064;1631112852,000;1;165;3;3;3;3;3;3;3;3;3;3;3;3;3;3;3;2;1;0;0;0;0;0;0;0;0;0;0;0;0;0;0;0;0;0;b684;0;0;236;1;2;15005;8c;c000;0;199;200;199;202
216,576;1631112852,000;1;165;3;3;3;3;3;3;3;3;3;3;3;3;3;3;3;2;1;0;0;0;0;0;0;0;0;0;0;0;0;0;0;0;0;0;b684;0;0;236;1;2;15005;8c;c000;0;199;200;199;202
217,088;1631112852,000;1;165;3;3;3;3;3;3;3;3;3;3;3;3;3;3;3;2;100;0;0;0;0;0;0;0;0;0;0;0;0;0;0;0;0;0;b684;0;0;236;1;2;15005;8c;c000;0;199;200;199;202
217,600;1631112852,000;1;165;3;3;3;3;3;3;3;3;3;3;3;3;3;3;3;2;100;0;0;0;0;0;0;0;0;0;0;0;0;0;0;0;0;0;b684;0;0;236;1;2;15005;8c;c000;0;199;200;199;202
218,112;1631112852,000;1;165;3;3;3;3;3;3;3;3;3;3;3;3;3;3;3;2;100;0;0;0;0;0;0;0;0;0;0;0;0;0;0;0;0;0;b684;0;0;236;1;2;15005;8c;c000;0;199;200;199;202
218,624;1631112852,000;1;165;3;3;3;3;3;3;3;3;3;3;3;3;3;3;3;2;100;0;0;0;0;0;0;0;0;0;0;0;0;0;0;0;0;0;b684;0;0;236;1;2;15005;8c;c000;0;199;200;199;202
219,136;1631112852,000;1;165;3;3;3;3;3;3;3;3;3;3;3;3;3;3;3;2;100;0;0;0;0;0;0;0;0;0;0;0;0;0;0;0;0;0;b684;0;0;236;1;2;15005;8c;c000;0;199;200;199;202
219,648;1631112852,000;1;165;3;3;3;3;3;3;3;3;3;3;3;3;3;3;3;2;100;0;0;0;0;0;0;0;0;0;0;0;0;0;0;0;0;0;b684;0;0;236;1;2;15005;8c;c000;0;199;200;199;202
220,160;1631112852,000;1;165;3;3;3;3;3;3;3;3;3;3;3;3;3;3;3;2;100;0;0;0;0;0;0;0;0;0;0;0;0;0;0;0;0;0;b684;0;0;236;1;2;15005;8c;c000;0;199;200;199;202
220,672;1631112852,000;1;165;3;3;3;3;3;3;3;3;3;3;3;3;3;3;3;2;100;0;0;0;0;0;0;0;0;0;0;0;0;0;0;0;0;0;b684;0;0;236;1;2;15005;8c;c000;0;199;200;199;202
221,184;1631112852,000;1;165;3;3;3;3;3;3;3;3;3;3;3;3;3;3;3;2;100;0;0;0;0;0;0;0;0;0;0;0;0;0;0;0;0;0;b684;0;0;236;1;2;15005;8c;c000;0;199;200;199;202
221,696;1631112852,000;1;165;3;3;3;3;3;3;3;3;3;3;3;3;3;3;3;2;100;0;0;0;0;0;0;0;0;0;0;0;0;0;0;0;0;0;b684;0;0;236;1;2;15005;8c;c000;0;199;200;199;202
222,208;1631112852,000;1;165;3;3;3;3;3;3;3;3;3;3;3;3;3;3;3;2;100;0;0;0;0;0;0;0;0;0;0;0;0;0;0;0;0;0;b684;0;0;236;1;2;15005;8c;c000;0;199;200;199;202
222,720;1631112852,000;1;165;3;3;3;3;3;3;3;3;3;3;3;3;3;3;3;2;100;0;0;0;0;0;0;0;0;0;0;0;0;0;0;0;0;0;b684;0;0;236;1;2;15005;8c;c000;0;199;200;199;202
223,232;1631112852,000;1;165;3;3;3;3;3;3;3;3;3;3;3;3;3;3;3;2;100;0;0;0;0;0;0;0;0;0;0;0;0;0;0;0;0;0;b684;0;0;236;1;2;15005;8c;c000;0;199;200;199;202
223,744;1631112852,000;1;165;3;3;3;3;3;3;3;3;3;3;3;3;3;3;3;2;100;0;0;0;0;0;0;0;0;0;0;0;0;0;0;0;0;0;b684;0;0;236;1;2;15005;8c;c000;0;199;200;199;202
224,256;1631112852,000;0;165;3;3;3;3;3;3;3;3;3;3;3;3;3;3;3;2;100;0;0;0;0;0;0;0;0;0;0;0;0;0;0;0;0;0;6286;8000;0;247;1;2;15005;8c;c000;0;199;200;199;202
224,768;1631112864,000;0;165;3;3;3;3;3;3;3;3;3;3;3;3;3;3;3;2;100;0;0;0;0;0;0;0;0;0;0;0;0;0;0;0;0;0;6a86;8000;0;247;1;2;15005;8c;c000;0;45;47;46;49
225,280;1631112864,000;1;165;3;3;3;3;3;3;3;3;3;3;3;3;3;3;3;2;1;0;0;0;0;0;0;0;0;0;0;0;0;0;0;0;0;0;7286;8000;0;248;1;2;15005;8c;c000;0;50;51;51;53
225,792;1631112865,000;1;190;3;3;3;3;3;3;3;3;3;3;3;3;3;3;3;2;1;0;0;0;0;0;0;0;0;0;0;0;0;0;0;0;0;0;7a86;0;0;248;1;2;15005;8c;c000;0;54;56;55;58
226,304;1631112865,000;1;190;3;3;3;3;3;3;3;3;3;3;3;3;3;3;3;2;1;0;0;0;0;0;0;0;0;0;0;0;0;0;0;0;0;0;8286;0;0;249;1;2;15005;8c;c000;0;59;61;60;63
226,816;1631112866,000;1;192;3;3;3;3;3;3;3;3;3;3;3;3;3;3;3;2;1;0;0;0;0;0;0;0;0;0;0;0;0;0;0;0;0;0;8a86;0;0;249;1;2;15005;8c;c000;0;64;65;64;67
227,328;1631112866,000;1;192;3;3;3;3;3;3;3;3;3;3;3;3;3;3;3;2;1;0;0;0;0;0;0;0;0;0;0;0;0;0;0;0;0;0;9286;0;0;250;1;2;15005;8c;c000;0;68;70;69;72
227,840;1631112867,000;1;194;3;3;3;3;3;3;3;3;3;3;3;3;3;3;3;2;1;0;0;0;0;0;0;0;0;0;0;0;0;0;0;0;0;0;9a86;0;0;250;1;2;15005;8c;c000;0;73;75;74;77
228,352;1631112867,000;1;194;3;3;3;3;3;3;3;3;3;3;3;3;3;3;3;2;1;0;0;0;0;0;0;0;0;0;0;0;0;0;0;0;0;0;a286;0;80;251;1;2;15005;8c;c000;0;78;79;78;81
228,864;1631112868,000;1;196;3;3;3;3;3;3;3;3;3;3;3;3;3;3;3;2;1;0;0;0;0;0;0;0;0;0;0;0;0;0;0;0;0;0;aa86;0;80;251;1;2;15005;8c;c000;0;82;84;83;86
229,376;1631112868,000;1;196;3;3;3;3;3;3;3;3;3;3;3;3;3;3;3;2;9;0;0;0;0;0;0;0;0;0;0;0;0;0;0;0;0;0;b286;0;80;252;1;2;15005;8c;c000;0;87;89;88;90
229,888;1631112869,000;1;198;3;3;3;3;3;3;3;3;3;3;3;3;3;3;3;2;9;0;0;0;0;0;0;0;0;0;0;0;0;0;0;0;0;0;ba86;0;80;252;1;2;15005;8c;c000;0;92;93;92;95
230,400;1631112869,000;1;198;3;3;3;3;3;3;3;3;3;3;3;3;3;3;3;2;9;0;0;0;0;0;0;0;0;0;0;0;0;0;0;0;0;0;c286;0;80;253;1;2;15005;8c;c000;0;96;98;97;100
230,912;1631112870,000;1;200;3;3;3;3;3;3;3;3;3;3;3;3;3;3;3;2;9;0;0;0;0;0;0;0;0;0;0;0;0;0;0;0;0;0;ca86;0;80;253;1;2;15005;8c;c000;0;101;103;102;104
231,424;1631112870,000;1;200;3;3;3;3;3;3;3;3;3;3;3;3;3;3;3;2;9;0;0;0;0;0;0;0;0;0;0;0;0;0;0;0;0;0;d286;0;80;254;1;2;15005;8c;c000;0;106;107;106;109
231,936;1631112871,000;1;202;3;3;3;3;3;3;3;3;3;3;3;3;3;3;3;2;9;0;0;0;0;0;0;0;0;0;0;0;0;0;0;0;0;0;da86;0;80;254;1;2;15005;8c;c000;0;110;112;111;114
232,448;1631112871,000;1;202;3;3;3;3;3;3;3;3;3;3;3;3;3;3;3;2;9;0;0;0;0;0;0;0;0;0;0;0;0;0;0;0;0;0;e286;0;80;255;1;2;15005;8c;c000;0;115;117;116;118
232,960;1631112872,000;1;204;3;3;3;3;3;3;3;3;3;3;3;3;3;3;3;2;9;0;0;0;0;0;0;0;0;0;0;0;0;0;0;0;0;0;ea86;0;80;255;1;2;15005;8c;c000;0;120;121;120;123
233,472;1631112872,000;1;204;3;3;3;3;3;3;3;3;3;3;3;3;3;3;3;2;9;0;0;0;0;0;0;0;0;0;0;0;0;0;0;0;0;0;f286;0;0;0;1;2;15005;8c;c000;0;124;126;125;128
233,984;1631112873,000;1;206;3;3;3;3;3;3;3;3;3;3;3;3;3;3;3;2;9;0;0;0;0;0;0;0;0;0;0;0;0;0;0;0;0;0;fa84;0;0;0;1;2;15005;8c;c000;0;129;131;130;132
234,496;1631112873,000;1;206;3;3;3;3;3;3;3;3;3;3;3;3;3;3;3;2;9;0;0;0;0;0;0;0;0;0;0;0;0;0;0;0;0;0;284;0;0;1;1;2;15005;8c;c000;0;133;135;134;137
235,008;1631112874,000;1;208;3;3;3;3;3;3;3;3;3;3;3;3;3;3;3;2;9;0;0;0;0;0;0;0;0;0;0;0;0;0;0;0;0;0;a84;0;0;1;1;2;15005;8c;c000;0;138;140;139;142
235,520;1631112874,000;1;208;3;3;3;3;3;3;3;3;3;3;3;3;3;3;3;2;9;0;0;0;0;0;0;0;0;0;0;0;0;0;0;0;0;0;1284;0;0;2;1;2;15005;8c;c000;0;143;145;144;146
236,032;1631112875,000;1;210;3;3;3;3;3;3;3;3;3;3;3;3;3;3;3;2;9;0;0;0;0;0;0;0;0;0;0;0;0;0;0;0;0;0;1a84;0;0;2;1;2;15005;8c;c000;0;147;149;148;151
236,544;1631112875,000;1;210;3;3;3;3;3;3;3;3;3;3;3;3;3;3;3;2;9;0;0;0;0;0;0;0;0;0;0;0;0;0;0;0;0;0;2284;0;0;3;1;2;15005;8c;c000;0;152;154;153;156
237,056;1631112876,000;1;212;3;3;3;3;3;3;3;3;3;3;3;3;3;3;3;2;9;0;0;0;0;0;0;0;0;0;0;0;0;0;0;0;0;0;2a84;0;0;3;1;2;15005;8c;c000;0;157;158;158;160
237,568;1631112876,000;1;212;3;3;3;3;3;3;3;3;3;3;3;3;3;3;3;2;9;0;0;0;0;0;0;0;0;0;0;0;0;0;0;0;0;0;3284;0;0;4;1;2;15005;8c;c000;0;161;163;162;165
238,080;1631112877,000;1;215;3;3;3;3;3;3;3;3;3;3;3;3;3;3;3;2;9;0;0;0;0;0;0;0;0;0;0;0;0;0;0;0;0;0;3a84;0;0;4;1;2;15005;8c;c000;0;166;168;167;170
238,592;1631112877,000;1;215;3;3;3;3;3;3;3;3;3;3;3;3;3;3;3;2;9;0;0;0;0;0;0;0;0;0;0;0;0;0;0;0;0;0;4284;0;0;5;1;2;15005;8c;c000;0;171;172;172;174
239,104;1631112878,000;1;217;3;3;3;3;3;3;3;3;3;3;3;3;3;3;3;2;9;0;0;0;0;0;0;0;0;0;0;0;0;0;0;0;0;0;4a84;0;0;5;1;2;15005;8c;c000;0;175;177;176;179
239,616;1631112878,000;1;217;3;3;3;3;3;3;3;3;3;3;3;3;3;3;3;2;9;0;0;0;0;0;0;0;0;0;0;0;0;0;0;0;0;0;5284;0;0;6;1;2;15005;8c;c000;0;180;182;181;184
240,128;1631112879,000;1;219;3;3;3;3;3;3;3;3;3;3;3;3;3;3;3;2;9;0;0;0;0;0;0;0;0;0;0;0;0;0;0;0;0;0;5a84;0;0;6;1;2;15005;8c;c000;0;185;186;185;188
240,640;1631112880,000;1;219;3;3;3;3;3;3;3;3;3;3;3;3;3;3;3;2;9;0;0;0;0;0;0;0;0;0;0;0;0;0;0;0;0;0;6284;0;0;7;1;2;15005;8c;c000;0;189;191;190;193
241,152;1631112880,000;1;221;3;3;3;3;3;3;3;3;3;3;3;3;3;3;3;2;9;0;0;0;0;0;0;0;0;0;0;0;0;0;0;0;0;0;6a84;0;0;7;1;2;15005;8c;c000;0;194;196;195;198
241,664;1631112881,000;1;221;3;3;3;3;3;3;3;3;3;3;3;3;3;3;3;2;9;0;0;0;0;0;0;0;0;0;0;0;0;0;0;0;0;0;7284;0;0;8;1;2;15005;8c;c000;0;199;200;199;202
242,176;1631112881,000;1;223;3;3;3;3;3;3;3;3;3;3;3;3;3;3;3;2;9;0;0;0;0;0;0;0;0;0;0;0;0;0;0;0;0;0;7a84;0;0;8;1;2;15005;8c;c000;0;203;205;204;207
242,688;1631112882,000;1;223;3;3;3;3;3;3;3;3;3;3;3;3;3;3;3;2;9;0;0;0;0;0;0;0;0;0;0;0;0;0;0;0;0;0;8284;0;0;9;1;2;15005;8c;c000;0;208;210;209;211
243,200;1631112882,000;1;225;3;3;3;3;3;3;3;3;3;3;3;3;3;3;3;2;9;0;0;0;0;0;0;0;0;0;0;0;0;0;0;0;0;0;8a84;0;0;9;1;2;15005;8c;c000;0;213;214;213;216
243,712;1631112883,000;1;225;3;3;3;3;3;3;3;3;3;3;3;3;3;3;3;2;9;0;0;0;0;0;0;0;0;0;0;0;0;0;0;0;0;0;9284;0;0;10;1;2;15005;8c;c000;0;217;219;218;221
244,224;1631112883,000;1;227;3;3;3;3;3;3;3;3;3;3;3;3;3;3;3;2;9;0;0;0;0;0;0;0;0;0;0;0;0;0;0;0;0;0;9a84;0;0;10;1;2;15005;8c;c000;0;222;224;223;225
244,736;1631112884,000;1;227;3;3;3;3;3;3;3;3;3;3;3;3;3;3;3;2;9;0;0;0;0;0;0;0;0;0;0;0;0;0;0;0;0;0;a284;0;0;11;1;2;15005;8c;c000;0;227;228;227;230
245,248;1631112884,000;1;229;3;3;3;3;3;3;3;3;3;3;3;3;3;3;3;2;9;0;0;0;0;0;0;0;0;0;0;0;0;0;0;0;0;0;aa84;0;0;11;1;2;15005;8c;c000;0;231;233;232;235
245,760;1631112885,000;1;229;3;3;3;3;3;3;3;3;3;3;3;3;3;3;3;2;9;0;0;0;0;0;0;0;0;0;0;0;0;0;0;0;0;0;b284;0;0;12;1;2;15005;8c;c000;0;236;238;237;239
246,272;1631112885,000;1;231;3;3;3;3;3;3;3;3;3;3;3;3;3;3;3;2;9;0;0;0;0;0;0;0;0;0;0;0;0;0;0;0;0;0;ba84;0;0;12;1;2;15005;8c;c000;0;241;242;241;244
246,784;1631112886,000;1;231;3;3;3;3;3;3;3;3;3;3;3;3;3;3;3;2;9;0;0;0;0;0;0;0;0;0;0;0;0;0;0;0;0;0;c284;0;0;13;1;2;15005;8c;c000;0;245;247;246;249
247,296;1631112886,000;1;233;3;3;3;3;3;3;3;3;3;3;3;3;3;3;3;2;9;0;0;0;0;0;0;0;0;0;0;0;0;0;0;0;0;0;ca84;0;0;13;1;2;15005;8c;c000;0;250;252;251;253
247,808;1631112887,000;1;233;3;3;3;3;3;3;3;3;3;3;3;3;3;3;3;2;9;0;0;0;0;0;0;0;0;0;0;0;0;0;0;0;0;0;d284;0;0;14;1;2;15005;8c;c000;0;255;0;255;2
248,320;1631112887,000;1;235;3;3;3;3;3;3;3;3;3;3;3;3;3;3;3;2;9;0;0;0;0;0;0;0;0;0;0;0;0;0;0;0;0;0;da84;0;0;14;1;2;15005;8c;c000;0;3;5;4;7
248,832;1631112888,000;1;235;3;3;3;3;3;3;3;3;3;3;3;3;3;3;3;2;9;0;0;0;0;0;0;0;0;0;0;0;0;0;0;0;0;0;e284;0;0;15;1;2;15005;8c;c000;0;8;10;9;11
249,344;1631112888,000;1;237;3;3;3;3;3;3;3;3;3;3;3;3;3;3;3;2;9;0;0;0;0;0;0;0;0;0;0;0;0;0;0;0;0;0;ea84;0;0;15;1;2;15005;8c;c000;0;12;14;13;16
249,856;1631112889,000;1;237;3;3;3;3;3;3;3;3;3;3;3;3;3;3;3;2;9;0;0;0;0;0;0;0;0;0;0;0;0;0;0;0;0;0;f284;0;0;16;1;2;15005;8c;c000;0;17;19;18;21
250,368;1631112889,000;1;239;3;3;3;3;3;3;3;3;3;3;3;3;3;3;3;2;9;0;0;0;0;0;0;0;0;0;0;0;0;0;0;0;0;0;fa86;0;0;16;1;2;15005;8c;c000;0;22;24;23;25
250,880;1631112890,000;1;239;3;3;3;3;3;3;3;3;3;3;3;3;3;3;3;2;9;0;0;0;0;0;0;0;0;0;0;0;0;0;0;0;0;0;286;0;0;17;1;2;15005;8c;c000;0;26;28;27;30
251,392;1631112890,000;1;241;3;3;3;3;3;3;3;3;3;3;3;3;3;3;3;2;9;0;0;0;0;0;0;0;0;0;0;0;0;0;0;0;0;0;a86;0;0;17;1;2;15005;8c;c000;0;31;33;32;35
251,904;1631112891,000;1;241;3;3;3;3;3;3;3;3;3;3;3;3;3;3;3;2;9;0;0;0;0;0;0;0;0;0;0;0;0;0;0;0;0;0;1286;0;0;18;1;2;15005;8c;c000;0;36;37;37;39
252,416;1631112891,000;1;243;3;3;3;3;3;3;3;3;3;3;3;3;3;3;3;2;9;0;0;0;0;0;0;0;0;0;0;0;0;0;0;0;0;0;1a86;0;0;18;1;2;15005;8c;c000;0;40;42;41;44
252,928;1631112892,000;1;243;3;3;3;3;3;3;3;3;3;3;3;3;3;3;3;2;9;0;0;0;0;0;0;0;0;0;0;0;0;0;0;0;0;0;2286;0;0;19;1;2;15005;8c;c000;0;45;47;46;49
253,440;1631112892,000;1;245;3;3;3;3;3;3;3;3;3;3;3;3;3;3;3;2;9;0;0;0;0;0;0;0;0;0;0;0;0;0;0;0;0;0;2a86;0;0;19;1;2;15005;8c;c000;0;50;51;51;53
253,952;1631112893,000;1;245;3;3;3;3;3;3;3;3;3;3;3;3;3;3;3;2;1;0;0;0;0;0;0;0;0;0;0;0;0;0;0;0;0;0;3286;0;0;20;1;2;15005;8c;c000;0;54;56;55;58
254,464;1631112893,000;1;247;3;3;3;3;3;3;3;3;3;3;3;3;3;3;3;2;1;0;0;0;0;0;0;0;0;0;0;0;0;0;0;0;0;0;3a86;0;0;20;1;2;15005;8c;c000;0;59;61;60;63
254,976;1631112894,000;1;247;3;3;3;3;3;3;3;3;3;3;3;3;3;3;3;2;1;0;0;0;0;0;0;0;0;0;0;0;0;0;0;0;0;0;4286;0;0;21;1;2;15005;8c;c000;0;64;65;64;67
255,488;1631112894,000;1;249;3;3;3;3;3;3;3;3;3;3;3;3;3;3;3;2;1;0;0;0;0;0;0;0;0;0;0;0;0;0;0;0;0;0;4a86;0;0;21;1;2;15005;8c;c000;0;68;70;69;72
256,000;1631112895,000;1;249;3;3;3;3;3;3;3;3;3;3;3;3;3;3;3;2;1;0;0;0;0;0;0;0;0;0;0;0;0;0;0;0;0;0;5286;0;0;22;1;2;15005;8c;c000;0;73;75;74;77
256,512;1631112895,000;1;251;3;3;3;3;3;3;3;3;3;3;3;3;3;3;3;2;1;0;0;0;0;0;0;0;0;0;0;0;0;0;0;0;0;0;5a86;0;0;22;1;2;15005;8c;c000;0;78;79;78;81
257,024;1631112896,000;1;251;3;3;3;3;3;3;3;3;3;3;3;3;3;3;3;2;1;0;0;0;0;0;0;0;0;0;0;0;0;0;0;0;0;0;6286;0;0;23;1;2;15005;8c;c000;0;82;84;83;86
257,536;1631112896,000;1;253;3;3;3;3;3;3;3;3;3;3;3;3;3;3;3;2;1;0;0;0;0;0;0;0;0;0;0;0;0;0;0;0;0;0;6a86;0;0;23;1;2;15005;8c;c000;0;87;89;88;90
258,048;1631112897,000;1;253;3;3;3;3;3;3;3;3;3;3;3;3;3;3;3;2;1;0;0;0;0;0;0;0;0;0;0;0;0;0;0;0;0;0;7286;0;0;24;1;2;15005;8c;c000;0;92;93;92;95
258,560;1631112897,000;1;1;3;3;3;3;3;3;3;3;3;3;3;3;3;3;3;2;1;0;0;0;0;0;0;0;0;0;0;0;0;0;0;0;0;0;7a86;0;0;24;1;2;15005;8c;c000;0;96;98;97;100
259,072;1631112898,000;1;1;3;3;3;3;3;3;3;3;3;3;3;3;3;3;3;2;1;0;0;0;0;0;0;0;0;0;0;0;0;0;0;0;0;0;8286;0;0;25;1;2;15005;8c;c000;0;101;103;102;104
259,584;1631112898,000;1;3;3;3;3;3;3;3;3;3;3;3;3;3;3;3;3;2;1;0;0;0;0;0;0;0;0;0;0;0;0;0;0;0;0;0;8a86;0;0;25;1;2;15005;8c;c000;0;106;107;106;109
260,096;1631112899,000;1;3;3;3;3;3;3;3;3;3;3;3;3;3;3;3;3;2;1;0;0;0;0;0;0;0;0;0;0;0;0;0;0;0;0;0;9286;0;0;26;1;2;15005;8c;c000;0;110;112;111;114
260,608;1631112899,000;1;5;3;3;3;3;3;3;3;3;3;3;3;3;3;3;3;2;1;0;0;0;0;0;0;0;0;0;0;0;0;0;0;0;0;0;9a86;0;0;26;1;2;15005;8c;c000;0;115;117;116;118
261,120;1631112900,000;1;5;3;3;3;3;3;3;3;3;3;3;3;3;3;3;3;2;1;0;0;0;0;0;0;0;0;0;0;0;0;0;0;0;0;0;a286;0;0;27;1;2;15005;8c;c000;0;120;121;120;123
261,632;1631112901,000;1;7;3;3;3;3;3;3;3;3;3;3;3;3;3;3;3;2;1;0;0;0;0;0;0;0;0;0;0;0;0;0;0;0;0;0;aa86;0;0;27;1;2;15005;8c;c000;0;124;126;125;128
262,144;1631112901,000;1;7;3;3;3;3;3;3;3;3;3;3;3;3;3;3;3;2;1;0;0;0;0;0;0;0;0;0;0;0;0;0;0;0;0;0;b286;0;0;28;1;2;15005;8c;c000;0;129;131;130;132
262,656;1631112902,000;1;10;3;3;3;3;3;3;3;3;3;3;3;3;3;3;3;2;1;0;0;0;0;0;0;0;0;0;0;0;0;0;0;0;0;0;ba86;0;0;28;1;2;15005;8c;c000;0;133;135;134;137
263,168;1631112902,000;1;10;3;3;3;3;3;3;3;3;3;3;3;3;3;3;3;2;1;0;0;0;0;0;0;0;0;0;0;0;0;0;0;0;0;0;c286;0;0;29;1;2;15005;8c;c000;0;138;140;139;142
263,680;1631112903,000;1;12;3;3;3;3;3;3;3;3;3;3;3;3;3;3;3;2;1;0;0;0;0;0;0;0;0;0;0;0;0;0;0;0;0;0;ca86;0;0;29;1;2;15005;8c;c000;0;143;145;144;146
264,192;1631112903,000;1;12;3;3;3;3;3;3;3;3;3;3;3;3;3;3;3;2;1;0;0;0;0;0;0;0;0;0;0;0;0;0;0;0;0;0;d286;0;0;30;1;2;15005;8c;c000;0;147;149;148;151
264,704;1631112904,000;1;14;3;3;3;3;3;3;3;3;3;3;3;3;3;3;3;2;1;0;0;0;0;0;0;0;0;0;0;0;0;0;0;0;0;0;da86;0;0;30;1;2;15005;8c;c000;0;152;154;153;156
265,216;1631112904,000;1;14;3;3;3;3;3;3;3;3;3;3;3;3;3;3;3;2;1;0;0;0;0;0;0;0;0;0;0;0;0;0;0;0;0;0;e286;0;0;31;1;2;15005;8c;c000;0;157;158;158;160
265,728;1631112905,000;1;16;3;3;3;3;3;3;3;3;3;3;3;3;3;3;3;2;1;0;0;0;0;0;0;0;0;0;0;0;0;0;0;0;0;0;ea86;0;0;31;1;2;15005;8c;c000;0;161;163;162;165
266,240;1631112905,000;1;16;3;3;3;3;3;3;3;3;3;3;3;3;3;3;3;2;1;0;0;0;0;0;0;0;0;0;0;0;0;0;0;0;0;0;f286;0;0;32;1;2;15005;8c;c000;0;166;168;167;170
266,752;1631112906,000;1;18;3;3;3;3;3;3;3;3;3;3;3;3;3;3;3;2;1;0;0;0;0;0;0;0;0;0;0;0;0;0;0;0;0;0;fa84;0;0;32;1;2;15005;8c;c000;0;171;172;172;174
267,264;1631112906,000;1;18;3;3;3;3;3;3;3;3;3;3;3;3;3;3;3;2;1;0;0;0;0;0;0;0;0;0;0;0;0;0;0;0;0;0;284;0;0;33;1;2;15005;8c;c000;0;175;177;176;179
267,776;1631112907,000;1;20;3;3;3;3;3;3;3;3;3;3;3;3;3;3;3;2;1;0;0;0;0;0;0;0;0;0;0;0;0;0;0;0;0;0;a84;0;0;33;1;2;15005;8c;c000;0;180;182;181;184
268,288;1631112907,000;1;20;3;3;3;3;3;3;3;3;3;3;3;3;3;3;3;2;1;0;0;0;0;0;0;0;0;0;0;0;0;0;0;0;0;0;1284;0;0;34;1;2;15005;8c;c000;0;185;186;185;188
268,800;1631112908,000;1;22;3;3;3;3;3;3;3;3;3;3;3;3;3;3;3;2;1;0;0;0;0;0;0;0;0;0;0;0;0;0;0;0;0;0;1a84;0;0;34;1;2;15005;8c;c000;0;189;191;190;193
269,312;1631112908,000;1;22;3;3;3;3;3;3;3;3;3;3;3;3;3;3;3;2;1;0;0;0;0;0;0;0;0;0;0;0;0;0;0;0;0;0;2284;0;0;35;1;2;15005;8c;c000;0;194;196;195;198
269,824;1631112909,000;1;24;3;3;3;3;3;3;3;3;3;3;3;3;3;3;3;2;1;0;0;0;0;0;0;0;0;0;0;0;0;0;0;0;0;0;2a84;0;0;35;1;2;15005;8c;c000;0;199;200;199;202
270,336;1631112909,000;1;24;3;3;3;3;3;3;3;3;3;3;3;3;3;3;3;2;1;0;0;0;0;0;0;0;0;0;0;0;0;0;0;0;0;0;3284;0;0;36;1;2;15005;8c;c000;0;203;205;204;207
270,848;1631112910,000;1;26;3;3;3;3;3;3;3;3;3;3;3;3;3;3;3;2;1;0;0;0;0;0;0;0;0;0;0;0;0;0;0;0;0;0;3a84;0;0;36;1;2;15005;8c;c000;0;208;210;209;211
271,360;1631112910,000;1;26;3;3;3;3;3;3;3;3;3;3;3;3;3;3;3;2;1;0;0;0;0;0;0;0;0;0;0;0;0;0;0;0;0;0;4284;0;0;37;1;2;15005;8c;c000;0;213;214;213;216
271,872;1631112911,000;1;28;3;3;3;3;3;3;3;3;3;3;3;3;3;3;3;2;1;0;0;0;0;0;0;0;0;0;0;0;0;0;0;0;0;0;4a84;0;0;37;1;2;15005;8c;c000;0;217;219;218;221
272,384;1631112911,000;1;28;3;3;3;3;3;3;3;3;3;3;3;3;3;3;3;2;1;0;0;0;0;0;0;0;0;0;0;0;0;0;0;0;0;0;5284;0;0;38;1;2;15005;8c;c000;0;222;224;223;225
272,896;1631112912,000;1;30;3;3;3;3;3;3;3;3;3;3;3;3;3;3;3;2;1;0;0;0;0;0;0;0;0;0;0;0;0;0;0;0;0;0;5a84;0;0;38;1;2;15005;8c;c000;0;227;228;227;230
273,408;1631112912,000;1;30;3;3;3;3;3;3;3;3;3;3;3;3;3;3;3;2;1;0;0;0;0;0;0;0;0;0;0;0;0;0;0;0;0;0;6284;0;0;39;1;2;15005;8c;c000;0;231;233;232;235
273,920;1631112913,000;1;32;3;3;3;3;3;3;3;3;3;3;3;3;3;3;3;2;1;0;0;0;0;0;0;0;0;0;0;0;0;0;0;0;0;0;6a84;0;0;39;1;2;15005;8c;c000;0;236;238;237;239
274,432;1631112913,000;1;32;3;3;3;3;3;3;3;3;3;3;3;3;3;3;3;2;1;0;0;0;0;0;0;0;0;0;0;0;0;0;0;0;0;0;7284;0;0;40;1;2;15005;8c;c000;0;241;242;241;244
274,944;1631112914,000;1;34;3;3;3;3;3;3;3;3;3;3;3;3;3;3;3;2;1;0;0;0;0;0;0;0;0;0;0;0;0;0;0;0;0;0;7a84;0;0;40;1;2;15005;8c;c000;0;245;247;246;249
275,456;1631112914,000;1;34;3;3;3;3;3;3;3;3;3;3;3;3;3;3;3;2;1;0;0;0;0;0;0;0;0;0;0;0;0;0;0;0;0;0;8284;0;0;41;1;2;15005;8c;c000;0;250;252;251;253
275,968;1631112915,000;1;36;3;3;3;3;3;3;3;3;3;3;3;3;3;3;3;2;1;0;0;0;0;0;0;0;0;0;0;0;0;0;0;0;0;0;8a84;0;0;41;1;2;15005;8c;c000;0;255;0;255;2
276,480;1631112915,000;1;36;3;3;3;3;3;3;3;3;3;3;3;3;3;3;3;2;1;0;0;0;0;0;0;0;0;0;0;0;0;0;0;0;0;0;9284;0;0;42;1;2;15005;8c;c000;0;3;5;4;7
276,992;1631112916,000;1;38;3;3;3;3;3;3;3;3;3;3;3;3;3;3;3;2;1;0;0;0;0;0;0;0;0;0;0;0;0;0;0;0;0;0;9a84;0;0;42;1;2;15005;8c;c000;0;8;10;9;11
277,504;1631112916,000;1;38;3;3;3;3;3;3;3;3;3;3;3;3;3;3;3;2;1;0;0;0;0;0;0;0;0;0;0;0;0;0;0;0;0;0;a284;0;0;43;1;2;15005;8c;c000;0;12;14;13;16
278,016;1631112917,000;1;40;3;3;3;3;3;3;3;3;3;3;3;3;3;3;3;2;1;0;0;0;0;0;0;0;0;0;0;0;0;0;0;0;0;0;aa84;0;0;43;1;2;15005;8c;c000;0;17;19;18;21
278,528;1631112917,000;1;40;3;3;3;3;3;3;3;3;3;3;3;3;3;3;3;2;1;0;0;0;0;0;0;0;0;0;0;0;0;0;0;0;0;0;b284;0;0;44;1;2;15005;8c;c000;0;22;24;23;25
279,040;1631112918,000;1;42;3;3;3;3;3;3;3;3;3;3;3;3;3;3;3;2;1;0;0;0;0;0;0;0;0;0;0;0;0;0;0;0;0;0;ba84;0;0;44;1;2;15005;8c;c000;0;26;28;27;30
279,552;1631112918,000;1;42;3;3;3;3;3;3;3;3;3;3;3;3;3;3;3;2;1;0;0;0;0;0;0;0;0;0;0;0;0;0;0;0;0;0;c284;0;0;45;1;2;15005;8c;c000;0;31;33;32;35
280,064;1631112919,000;1;44;3;3;3;3;3;3;3;3;3;3;3;3;3;3;3;2;1;0;0;0;0;0;0;0;0;0;0;0;0;0;0;0;0;0;ca84;0;0;45;1;2;15005;8c;c000;0;36;37;37;39
280,576;1631112919,000;1;44;3;3;3;3;3;3;3;3;3;3;3;3;3;3;3;2;1;0;0;0;0;0;0;0;0;0;0;0;0;0;0;0;0;0;d284;0;0;46;1;2;15005;8c;c000;0;40;42;41;44
281,088;1631112920,000;1;46;3;3;3;3;3;3;3;3;3;3;3;3;3;3;3;2;1;0;0;0;0;0;0;0;0;0;0;0;0;0;0;0;0;0;da84;0;0;46;1;2;15005;8c;c000;0;45;47;46;49
281,600;1631112920,000;1;46;3;3;3;3;3;3;3;3;3;3;3;3;3;3;3;2;1;0;0;0;0;0;0;0;0;0;0;0;0;0;0;0;0;0;e284;0;0;47;1;2;15005;8c;c000;0;50;51;51;53
282,112;1631112921,000;1;48;3;3;3;3;3;3;3;3;3;3;3;3;3;3;3;2;1;0;0;0;0;0;0;0;0;0;0;0;0;0;0;0;0;0;ea84;0;0;47;1;2;15005;8c;c000;0;54;56;55;58
282,624;1631112921,000;1;48;3;3;3;3;3;3;3;3;3;3;3;3;3;3;3;2;1;0;0;0;0;0;0;0;0;0;0;0;0;0;0;0;0;0;f284;0;0;48;1;2;15005;8c;c000;0;59;61;60;63
283,136;1631112922,000;1;50;3;3;3;3;3;3;3;3;3;3;3;3;3;3;3;2;1;0;0;0;0;0;0;0;0;0;0;0;0;0;0;0;0;0;fa86;0;0;48;1;2;15005;8c;c000;0;64;65;64;67
283,648;1631112923,000;1;50;3;3;3;3;3;3;3;3;3;3;3;3;3;3;3;2;1;0;0;0;0;0;0;0;0;0;0;0;0;0;0;0;0;0;286;0;0;49;1;2;15005;8c;c000;0;68;70;69;72
284,160;1631112923,000;1;52;3;3;3;3;3;3;3;3;3;3;3;3;3;3;3;2;1;0;0;0;0;0;0;0;0;0;0;0;0;0;0;0;0;0;a86;0;0;49;1;2;15005;8c;c000;0;73;75;74;77
284,672;1631112924,000;1;52;3;3;3;3;3;3;3;3;3;3;3;3;3;3;3;2;1;0;0;0;0;0;0;0;0;0;0;0;0;0;0;0;0;0;1286;0;0;50;1;2;15005;8c;c000;0;78;79;78;81
285,184;1631112924,000;1;54;3;3;3;3;3;3;3;3;3;3;3;3;3;3;3;2;1;0;0;0;0;0;0;0;0;0;0;0;0;0;0;0;0;0;1a86;0;0;50;1;2;15005;8c;c000;0;82;84;83;86
285,696;1631112925,000;1;54;3;3;3;3;3;3;3;3;3;3;3;3;3;3;3;2;1;0;0;0;0;0;0;0;0;0;0;0;0;0;0;0;0;0;2286;0;0;51;1;2;15005;8c;c000;0;87;89;88;90
286,208;1631112925,000;1;57;3;3;3;3;3;3;3;3;3;3;3;3;3;3;3;2;1;0;0;0;0;0;0;0;0;0;0;0;0;0;0;0;0;0;2a86;0;0;51;1;2;15005;8c;c000;0;92;93;92;95
286,720;1631112926,000;1;57;3;3;3;3;3;3;3;3;3;3;3;3;3;3;3;2;1;0;0;0;0;0;0;0;0;0;0;0;0;0;0;0;0;0;3286;0;0;52;1;2;15005;8c;c000;0;96;98;97;100
